0	10	7	100
0	10	15	158
0	11	12	4
0	11	15	10
0	12	15	64
0	13	11	1
0	20	6	135
0	20	7	11
0	21	6	5
0	21	7	10
0	24	1	37
0	34	0	112
0	34	1	478
0	34	2	486
0	34	3	680
0	34	4	765
0	34	5	529
0	34	6	384
0	34	7	151
0	35	0	276
0	35	1	1024
0	35	2	1024
0	35	3	1024
0	35	4	1024
0	35	5	1024
0	35	6	1024
0	35	7	455
0	36	0	277
0	36	1	1024
0	36	2	1024
0	36	3	1024
0	36	4	1024
0	36	5	1024
0	36	6	1024
0	36	7	480
0	37	0	234
0	37	1	1024
0	37	2	1024
0	37	3	1024
0	37	4	1024
0	37	5	1024
0	37	6	1024
0	37	7	450
0	38	0	189
0	38	1	1024
0	38	2	1024
0	38	3	1024
0	38	4	1024
0	38	5	1024
0	38	6	1024
0	38	7	358
0	39	0	251
0	39	1	1024
0	39	2	1024
0	39	3	1024
0	39	4	1024
0	39	5	1024
0	39	6	1024
0	39	7	371
0	40	0	472
0	40	1	1024
0	40	2	1024
0	40	3	1024
0	40	4	1024
0	40	5	1024
0	40	6	1024
0	40	7	358
0	41	0	162
0	41	1	1024
0	41	2	1024
0	41	3	1024
0	41	4	1024
0	41	5	1024
0	41	6	1024
0	41	7	320
0	42	0	51
0	42	1	598
0	42	2	552
0	42	3	588
0	42	4	717
0	42	5	765
0	42	6	882
0	42	7	206
1	1	13	7
1	1	14	42
1	5	25	16
1	5	26	87
1	6	26	55
1	8	6	99
1	10	7	154
1	10	13	218
1	10	15	163
1	11	12	15
1	11	13	114
1	11	15	249
1	11	16	64
1	12	15	104
1	13	7	50
1	13	12	1
1	15	11	120
1	15	38	10
1	16	11	227
1	19	6	9
1	20	6	135
1	20	7	11
1	20	25	45
1	20	26	27
1	21	6	5
1	21	7	10
1	24	1	23
1	32	31	13
2	1	13	7
2	1	14	35
2	4	25	5
2	5	25	201
2	5	26	147
2	6	25	9
2	6	26	64
2	8	6	99
2	10	13	466
2	10	15	157
2	11	12	27
2	11	13	170
2	11	15	446
2	11	16	231
2	12	15	105
2	13	7	1
2	14	12	259
2	14	13	191
2	15	11	366
2	15	12	196
2	15	13	280
2	15	14	64
2	15	38	24
2	16	11	227
2	16	12	46
2	17	22	16
2	18	6	9
2	18	22	56
2	19	6	137
2	20	6	135
2	20	7	11
2	20	25	2
2	20	26	2
2	21	6	5
2	21	7	10
2	24	1	49
2	32	31	85
3	1	12	267
3	1	13	36
3	1	14	70
3	2	4	80
3	2	5	56
3	3	4	85
3	3	5	77
3	3	13	16
3	4	5	32
3	4	6	32
3	4	25	12
3	5	5	32
3	5	6	32
3	5	25	435
3	5	26	165
3	6	25	70
3	6	26	64
3	7	3	2
3	7	4	78
3	8	3	31
3	8	4	142
3	8	6	221
3	9	5	327
3	9	6	40
3	10	5	92
3	10	6	210
3	10	12	36
3	10	13	458
3	10	14	207
3	10	15	192
3	11	4	65
3	11	12	39
3	11	13	170
3	11	14	78
3	11	15	537
3	11	16	328
3	12	15	128
3	12	16	15
3	13	7	1
3	14	12	645
3	14	13	416
3	14	15	7
3	14	38	20
3	15	11	519
3	15	12	584
3	15	13	743
3	15	14	531
3	15	15	107
3	15	38	40
3	16	11	230
3	16	12	63
3	16	13	146
3	16	14	12
3	17	22	33
3	18	5	42
3	18	6	41
3	18	22	96
3	19	6	378
3	19	7	13
3	19	22	22
3	19	26	30
3	20	6	150
3	20	7	11
3	20	22	81
3	20	25	37
3	20	26	216
3	21	2	178
3	21	3	97
3	21	6	5
3	21	7	10
3	21	25	6
3	22	2	31
3	24	1	43
3	27	17	109
3	27	18	300
3	28	17	86
3	28	18	174
3	30	2	10
3	31	2	40
3	32	31	180
3	32	32	3
4	1	3	260
4	1	5	64
4	1	6	143
4	1	12	310
4	1	13	52
4	1	14	84
4	2	4	80
4	2	5	72
4	2	6	33
4	2	12	56
4	3	3	64
4	3	4	85
4	3	5	77
4	3	13	288
4	3	14	63
4	4	5	72
4	4	6	72
4	4	13	172
4	4	14	76
4	4	25	14
4	5	5	74
4	5	6	98
4	5	10	94
4	5	11	109
4	5	24	32
4	5	25	623
4	5	26	177
4	6	6	68
4	6	24	6
4	6	25	264
4	6	26	64
4	7	2	104
4	7	3	153
4	7	4	391
4	8	3	101
4	8	4	793
4	8	6	304
4	9	5	418
4	9	6	143
4	9	13	60
4	10	4	5
4	10	5	455
4	10	6	415
4	10	11	162
4	10	12	330
4	10	13	720
4	10	14	263
4	10	15	191
4	10	17	25
4	11	4	87
4	11	5	100
4	11	11	94
4	11	12	213
4	11	13	384
4	11	14	186
4	11	15	677
4	11	16	336
4	11	27	5
4	12	12	103
4	12	13	456
4	12	14	346
4	12	15	128
4	12	16	91
4	12	20	133
4	12	21	122
4	13	7	1
4	13	12	50
4	13	13	474
4	13	14	178
4	14	12	633
4	14	13	596
4	14	14	240
4	14	15	228
4	14	38	24
4	15	11	651
4	15	12	697
4	15	13	735
4	15	14	901
4	15	15	467
4	15	26	627
4	15	38	45
4	16	11	227
4	16	12	58
4	16	13	145
4	16	14	128
4	16	15	41
4	16	19	60
4	16	26	12
4	17	19	67
4	17	21	14
4	17	22	45
4	18	5	42
4	18	6	154
4	18	21	18
4	18	22	141
4	19	6	707
4	19	7	48
4	19	8	10
4	19	21	37
4	19	22	223
4	19	23	21
4	19	26	27
4	20	2	161
4	20	3	60
4	20	6	325
4	20	7	11
4	20	9	1
4	20	21	28
4	20	22	150
4	20	23	16
4	20	25	28
4	20	26	162
4	21	2	500
4	21	3	349
4	21	4	100
4	21	6	5
4	21	7	10
4	21	25	5
4	22	2	396
4	22	3	537
4	23	2	336
4	23	3	391
4	24	1	34
4	26	17	8
4	26	18	10
4	27	17	324
4	27	18	697
4	28	17	206
4	28	18	481
4	30	2	98
4	30	3	35
4	31	2	196
4	31	3	66
4	32	14	95
4	32	31	348
4	32	32	15
4	33	14	165
4	33	31	8
5	0	12	2
5	0	15	30
5	0	16	12
5	1	3	260
5	1	5	147
5	1	6	143
5	1	11	107
5	1	12	566
5	1	13	414
5	1	14	521
5	1	15	80
5	1	16	41
5	2	4	90
5	2	5	246
5	2	6	33
5	2	11	11
5	2	12	432
5	2	13	154
5	2	14	341
5	3	3	164
5	3	4	85
5	3	5	77
5	3	12	447
5	3	13	531
5	3	14	236
5	3	25	20
5	3	26	100
5	4	5	131
5	4	6	131
5	4	10	16
5	4	11	130
5	4	12	391
5	4	13	344
5	4	14	77
5	4	25	215
5	4	26	3
5	5	5	147
5	5	6	350
5	5	10	243
5	5	11	315
5	5	12	327
5	5	13	69
5	5	24	80
5	5	25	834
5	5	26	210
5	6	5	38
5	6	6	187
5	6	11	94
5	6	12	119
5	6	24	53
5	6	25	391
5	6	26	92
5	7	2	234
5	7	3	179
5	7	4	437
5	7	25	313
5	7	29	132
5	7	30	281
5	8	3	126
5	8	4	853
5	8	5	160
5	8	6	689
5	8	11	5
5	8	12	286
5	8	15	180
5	8	16	36
5	8	25	103
5	8	29	194
5	8	30	379
5	9	4	108
5	9	5	592
5	9	6	844
5	9	11	249
5	9	12	772
5	9	13	618
5	9	14	136
5	10	2	87
5	10	3	148
5	10	4	419
5	10	5	975
5	10	6	748
5	10	11	814
5	10	12	1024
5	10	13	1024
5	10	14	1009
5	10	15	769
5	10	16	393
5	10	17	153
5	10	18	144
5	10	28	182
5	11	1	110
5	11	3	310
5	11	4	333
5	11	5	387
5	11	6	151
5	11	11	910
5	11	12	1024
5	11	13	1024
5	11	14	1024
5	11	15	1024
5	11	16	856
5	11	18	87
5	11	19	16
5	11	27	65
5	11	28	211
5	11	34	122
5	12	11	900
5	12	12	1024
5	12	13	1024
5	12	14	1024
5	12	15	1024
5	12	16	924
5	12	20	125
5	12	21	189
5	13	7	1
5	13	11	896
5	13	12	1024
5	13	13	1024
5	13	14	1024
5	13	15	1024
5	13	16	692
5	13	17	49
5	13	19	90
5	13	20	72
5	13	21	88
5	14	10	4
5	14	11	940
5	14	12	1024
5	14	13	1024
5	14	14	1024
5	14	15	1024
5	14	16	287
5	14	19	189
5	14	38	59
5	15	10	537
5	15	11	1024
5	15	12	1024
5	15	13	1024
5	15	14	1024
5	15	15	951
5	15	16	183
5	15	19	72
5	15	20	12
5	15	21	12
5	15	22	110
5	15	23	339
5	15	26	631
5	15	38	68
5	16	9	295
5	16	10	1024
5	16	11	1024
5	16	12	1024
5	16	13	1024
5	16	14	1024
5	16	15	864
5	16	16	338
5	16	19	369
5	16	20	220
5	16	22	65
5	16	23	1022
5	16	24	56
5	16	25	78
5	16	26	736
5	16	27	100
5	17	9	211
5	17	10	1024
5	17	11	1024
5	17	12	1024
5	17	13	1024
5	17	14	1024
5	17	15	1024
5	17	16	990
5	17	17	102
5	17	19	225
5	17	21	31
5	17	22	162
5	17	23	503
5	17	24	63
5	17	25	800
5	17	26	884
5	17	27	14
5	18	5	56
5	18	6	176
5	18	7	1
5	18	10	885
5	18	11	1024
5	18	12	1024
5	18	13	1024
5	18	14	1024
5	18	15	1024
5	18	16	1024
5	18	17	835
5	18	18	546
5	18	19	184
5	18	21	107
5	18	22	198
5	18	25	101
5	18	26	54
5	19	5	86
5	19	6	875
5	19	7	70
5	19	8	29
5	19	10	737
5	19	11	1024
5	19	12	1024
5	19	13	1024
5	19	14	1024
5	19	15	1024
5	19	16	1024
5	19	17	1024
5	19	18	1024
5	19	19	549
5	19	21	153
5	19	22	207
5	19	23	51
5	19	25	98
5	19	26	149
5	20	2	359
5	20	3	61
5	20	5	132
5	20	6	631
5	20	7	35
5	20	9	29
5	20	10	672
5	20	11	1024
5	20	12	1024
5	20	13	1024
5	20	14	1024
5	20	15	1024
5	20	16	1024
5	20	17	1024
5	20	18	1024
5	20	19	698
5	20	21	90
5	20	22	265
5	20	23	77
5	20	25	329
5	20	26	455
5	20	30	127
5	20	31	15
5	21	2	739
5	21	3	561
5	21	4	165
5	21	6	8
5	21	7	28
5	21	10	424
5	21	11	1020
5	21	12	1024
5	21	13	1024
5	21	14	994
5	21	15	923
5	21	16	762
5	21	17	1024
5	21	18	756
5	21	19	224
5	21	25	156
5	21	26	138
5	21	30	44
5	22	2	647
5	22	3	949
5	22	4	119
5	22	11	374
5	22	12	658
5	22	13	937
5	22	14	38
5	22	15	21
5	22	16	54
5	22	17	283
5	23	2	466
5	23	3	577
5	23	12	54
5	23	13	216
5	23	15	319
5	23	16	296
5	23	35	70
5	23	36	30
5	24	1	44
5	24	3	37
5	24	29	90
5	24	35	239
5	24	36	75
5	25	0	33
5	25	1	111
5	26	0	38
5	26	1	216
5	26	17	8
5	26	18	22
5	26	25	294
5	27	17	324
5	27	18	697
5	27	25	189
5	28	16	196
5	28	17	198
5	28	18	468
5	30	2	34
5	30	3	17
5	31	2	14
5	31	3	45
5	32	14	336
5	32	31	453
5	32	32	36
5	33	14	140
5	33	31	16
5	41	16	184
5	42	16	86
5	42	32	40
5	43	16	146
5	43	32	48
6	0	7	30
6	0	15	44
6	0	16	31
6	1	2	195
6	1	3	403
6	1	5	224
6	1	6	143
6	1	7	100
6	1	9	221
6	1	10	246
6	1	11	225
6	1	13	93
6	1	14	520
6	1	15	147
6	1	16	75
6	1	37	190
6	1	38	185
6	1	39	31
6	1	40	76
6	2	2	303
6	2	3	547
6	2	4	502
6	2	5	395
6	2	6	58
6	2	9	175
6	2	10	178
6	2	11	181
6	2	13	96
6	2	14	507
6	2	19	54
6	2	20	24
6	2	21	11
6	2	34	93
6	2	35	283
6	2	36	40
6	2	37	805
6	2	38	196
6	2	39	94
6	2	40	27
6	3	2	279
6	3	3	652
6	3	4	361
6	3	5	243
6	3	6	298
6	3	11	121
6	3	12	297
6	3	13	67
6	3	14	216
6	3	19	108
6	3	20	118
6	3	21	189
6	3	25	30
6	3	26	150
6	3	34	140
6	3	35	207
6	3	36	360
6	3	37	41
6	3	38	497
6	3	39	139
6	4	1	85
6	4	2	269
6	4	3	112
6	4	5	204
6	4	6	240
6	4	11	352
6	4	12	864
6	4	14	124
6	4	17	240
6	4	19	17
6	4	20	224
6	4	21	1
6	4	25	683
6	4	26	372
6	4	34	35
6	4	35	421
6	4	36	359
6	4	38	12
6	5	1	16
6	5	2	64
6	5	3	48
6	5	5	360
6	5	6	368
6	5	9	351
6	5	10	167
6	5	11	38
6	5	12	162
6	5	14	24
6	5	17	60
6	5	19	163
6	5	20	197
6	5	21	207
6	5	24	106
6	5	25	1017
6	5	26	271
6	5	35	328
6	5	36	584
6	5	37	772
6	5	38	79
6	6	2	42
6	6	5	360
6	6	6	371
6	6	9	205
6	6	10	91
6	6	13	53
6	6	14	2
6	6	18	118
6	6	19	150
6	6	20	283
6	6	21	174
6	6	24	223
6	6	25	571
6	6	26	94
6	6	27	4
6	6	28	97
6	6	29	222
6	6	30	21
6	6	34	311
6	6	35	380
6	6	36	94
6	6	37	280
6	6	38	74
6	7	2	644
6	7	3	230
6	7	4	442
6	7	5	12
6	7	6	13
6	7	8	24
6	7	12	226
6	7	13	297
6	7	14	68
6	7	18	322
6	7	19	18
6	7	25	339
6	7	27	28
6	7	28	297
6	7	29	632
6	7	30	298
6	7	34	231
6	7	35	384
6	7	36	10
6	7	37	237
6	7	38	115
6	8	3	132
6	8	4	852
6	8	5	193
6	8	6	719
6	8	12	401
6	8	13	384
6	8	14	152
6	8	15	335
6	8	16	137
6	8	17	165
6	8	18	482
6	8	19	90
6	8	25	126
6	8	29	367
6	8	30	495
6	8	37	96
6	9	2	29
6	9	3	43
6	9	4	110
6	9	5	665
6	9	6	883
6	9	13	17
6	9	14	6
6	9	16	8
6	9	17	11
6	9	18	66
6	9	25	93
6	9	26	54
6	9	28	78
6	9	29	397
6	9	30	268
6	10	1	56
6	10	2	121
6	10	3	474
6	10	4	882
6	10	5	1024
6	10	6	749
6	10	10	24
6	10	17	191
6	10	18	282
6	10	25	168
6	10	26	561
6	10	27	21
6	10	28	453
6	10	29	176
6	10	30	334
6	11	0	169
6	11	1	121
6	11	2	68
6	11	3	664
6	11	4	797
6	11	5	462
6	11	6	134
6	11	12	43
6	11	13	293
6	11	17	10
6	11	18	210
6	11	19	22
6	11	20	277
6	11	21	248
6	11	27	157
6	11	28	412
6	11	29	309
6	11	30	16
6	11	34	148
6	12	11	154
6	12	12	65
6	12	13	322
6	12	18	503
6	12	19	13
6	12	20	661
6	12	21	868
6	12	22	253
6	12	28	27
6	12	29	33
6	12	36	4
6	13	7	1
6	13	11	5
6	13	13	307
6	13	14	228
6	13	17	552
6	13	18	391
6	13	19	264
6	13	20	412
6	13	21	885
6	13	22	598
6	13	24	353
6	13	25	280
6	13	36	253
6	13	37	583
6	13	38	357
6	13	39	17
6	14	11	15
6	14	14	33
6	14	17	67
6	14	18	18
6	14	19	343
6	14	20	134
6	14	24	282
6	14	25	327
6	14	33	163
6	14	34	88
6	14	37	555
6	14	38	541
6	14	39	407
6	15	12	255
6	15	13	553
6	15	14	15
6	15	16	515
6	15	19	107
6	15	20	11
6	15	21	43
6	15	22	109
6	15	23	670
6	15	24	806
6	15	25	473
6	15	26	621
6	15	37	515
6	15	38	142
6	16	15	396
6	16	16	365
6	16	18	21
6	16	19	606
6	16	20	265
6	16	21	96
6	16	22	123
6	16	23	1020
6	16	24	259
6	16	25	874
6	16	26	738
6	16	27	94
6	17	11	46
6	17	12	69
6	17	13	52
6	17	14	92
6	17	15	54
6	17	16	9
6	17	17	65
6	17	18	42
6	17	19	323
6	17	21	45
6	17	22	462
6	17	23	497
6	17	24	64
6	17	25	801
6	17	26	870
6	17	27	20
6	18	5	306
6	18	6	504
6	18	11	50
6	18	12	75
6	18	13	20
6	18	14	200
6	18	15	510
6	18	17	60
6	18	19	36
6	18	21	277
6	18	22	420
6	18	25	103
6	18	26	55
6	18	35	35
6	19	5	576
6	19	6	984
6	19	7	96
6	19	8	91
6	19	9	70
6	19	13	102
6	19	14	7
6	19	21	423
6	19	22	339
6	19	23	52
6	19	25	236
6	19	26	324
6	19	30	296
6	19	31	14
6	20	2	419
6	20	3	98
6	20	4	28
6	20	5	509
6	20	6	947
6	20	7	56
6	20	8	110
6	20	9	325
6	20	11	96
6	20	12	40
6	20	13	488
6	20	14	124
6	20	21	99
6	20	22	460
6	20	23	91
6	20	25	524
6	20	26	587
6	20	29	316
6	20	30	421
6	20	31	207
6	21	2	759
6	21	3	689
6	21	4	224
6	21	5	34
6	21	6	195
6	21	7	28
6	21	11	19
6	21	12	5
6	21	13	824
6	21	25	351
6	21	26	274
6	21	29	44
6	21	30	120
6	22	1	64
6	22	2	767
6	22	3	981
6	22	4	119
6	22	8	264
6	22	9	240
6	22	10	31
6	22	11	3
6	22	13	757
6	22	14	12
6	22	15	17
6	22	33	132
6	22	35	64
6	23	2	481
6	23	3	627
6	23	7	114
6	23	8	206
6	23	9	534
6	23	10	203
6	23	13	1
6	23	14	161
6	23	15	448
6	23	16	361
6	23	17	149
6	23	28	160
6	23	29	70
6	23	32	88
6	23	33	554
6	23	35	420
6	23	36	24
6	23	37	167
6	24	0	60
6	24	1	136
6	24	2	354
6	24	3	40
6	24	6	66
6	24	7	80
6	24	8	627
6	24	9	44
6	24	11	65
6	24	12	92
6	24	16	8
6	24	17	23
6	24	25	93
6	24	26	89
6	24	28	153
6	24	29	192
6	24	32	288
6	24	33	363
6	24	35	371
6	24	36	82
6	25	0	116
6	25	1	357
6	25	2	392
6	25	3	154
6	25	4	113
6	25	6	254
6	25	7	275
6	25	8	336
6	25	9	118
6	25	10	224
6	25	12	320
6	25	16	64
6	25	22	226
6	25	23	2
6	25	24	121
6	25	25	743
6	25	26	287
6	25	32	87
6	25	33	143
6	25	35	167
6	25	36	51
6	26	0	62
6	26	1	366
6	26	2	64
6	26	3	461
6	26	4	121
6	26	6	218
6	26	7	475
6	26	8	60
6	26	9	478
6	26	10	296
6	26	12	132
6	26	17	18
6	26	18	65
6	26	22	297
6	26	23	269
6	26	25	307
6	26	28	40
6	26	35	200
6	26	36	793
6	26	37	252
6	27	1	184
6	27	13	36
6	27	14	241
6	27	17	362
6	27	18	679
6	27	22	257
6	27	23	412
6	27	24	140
6	27	25	221
6	27	34	67
6	27	35	407
6	27	36	736
6	27	37	315
6	28	13	32
6	28	14	678
6	28	15	322
6	28	16	249
6	28	17	205
6	28	18	411
6	28	20	52
6	28	21	204
6	28	22	80
6	28	23	100
6	28	32	487
6	28	33	640
6	28	34	907
6	28	35	1014
6	28	36	331
6	29	14	100
6	29	15	171
6	29	20	60
6	29	21	208
6	29	25	198
6	29	26	20
6	29	32	800
6	29	33	1024
6	29	34	1024
6	29	35	1024
6	29	36	512
6	30	2	51
6	30	3	17
6	30	5	83
6	30	6	287
6	30	9	61
6	30	10	6
6	30	25	113
6	30	26	10
6	30	32	800
6	30	33	1024
6	30	34	1024
6	30	35	1024
6	30	36	512
6	31	2	14
6	31	3	48
6	31	6	204
6	31	8	119
6	31	9	275
6	31	10	192
6	31	32	800
6	31	33	1024
6	31	34	1024
6	31	35	1024
6	31	36	620
6	32	5	211
6	32	6	268
6	32	10	124
6	32	14	247
6	32	19	162
6	32	20	18
6	32	28	49
6	32	29	56
6	32	31	581
6	32	32	870
6	32	33	1024
6	32	34	1024
6	32	35	1024
6	32	36	896
6	33	6	59
6	33	9	8
6	33	10	418
6	33	11	2
6	33	14	2
6	33	18	10
6	33	19	223
6	33	20	24
6	33	28	681
6	33	29	36
6	33	31	32
6	33	32	800
6	33	33	1024
6	33	34	1024
6	33	35	1024
6	33	36	896
6	34	0	3
6	34	1	32
6	34	2	32
6	34	3	7
6	34	5	15
6	34	6	32
6	34	7	32
6	34	8	24
6	34	18	313
6	34	19	600
6	34	28	309
6	34	31	106
6	34	32	475
6	34	33	608
6	34	34	608
6	34	35	608
6	34	36	532
6	35	0	36
6	35	1	384
6	35	2	504
6	35	3	224
6	35	5	315
6	35	6	672
6	35	7	672
6	35	8	504
6	35	12	154
6	35	13	209
6	35	14	263
6	35	15	12
6	35	19	141
6	36	2	192
6	36	3	249
6	36	4	32
6	36	5	63
6	36	6	682
6	36	7	352
6	36	12	121
6	36	13	264
6	36	14	200
6	36	15	42
6	36	17	344
6	36	18	208
6	36	30	21
6	37	2	72
6	37	3	384
6	37	4	384
6	37	5	384
6	37	6	219
6	37	7	352
6	37	12	121
6	37	13	242
6	37	14	252
6	37	15	56
6	37	17	99
6	37	18	87
6	37	30	542
6	38	6	70
6	38	7	548
6	38	8	364
6	38	13	126
6	38	14	303
6	38	30	28
6	39	8	390
6	39	13	6
6	39	14	49
6	40	0	39
6	40	1	16
6	41	0	128
6	41	1	405
6	41	8	169
6	41	16	170
6	41	32	48
6	41	33	124
6	42	0	139
6	42	1	416
6	42	8	400
6	42	16	79
6	42	23	9
6	42	32	297
6	42	33	727
6	43	0	60
6	43	1	195
6	43	8	140
6	43	16	135
6	43	32	311
6	43	33	806
6	44	16	192
6	44	32	124
6	44	33	280
6	50	22	25
6	50	23	199
6	50	24	93
6	51	22	530
6	51	23	280
6	51	24	118
6	52	22	544
6	52	23	188
7	0	0	1024
7	0	1	1024
7	0	2	1024
7	0	3	1024
7	0	4	1024
7	0	5	416
7	0	14	78
7	0	15	632
7	0	16	713
7	0	22	19
7	0	23	397
7	0	24	334
7	0	25	479
7	0	26	531
7	0	27	148
7	0	34	112
7	0	35	453
7	0	36	675
7	0	37	685
7	0	38	657
7	0	39	500
7	0	40	143
7	0	2047	219
7	1	0	1024
7	1	1	1024
7	1	2	1024
7	1	3	1024
7	1	4	1024
7	1	5	1024
7	1	6	686
7	1	7	48
7	1	9	662
7	1	10	951
7	1	11	662
7	1	14	384
7	1	15	1024
7	1	16	981
7	1	17	4
7	1	19	91
7	1	20	64
7	1	21	375
7	1	22	897
7	1	23	1024
7	1	24	1024
7	1	25	1024
7	1	26	1024
7	1	27	707
7	1	28	522
7	1	29	655
7	1	30	231
7	1	34	256
7	1	35	1024
7	1	36	1024
7	1	37	1024
7	1	38	1024
7	1	39	1024
7	1	40	865
7	1	2047	186
7	2	0	1024
7	2	1	1024
7	2	2	1024
7	2	3	1024
7	2	4	1024
7	2	5	1024
7	2	6	1024
7	2	7	256
7	2	9	514
7	2	10	1006
7	2	11	382
7	2	14	384
7	2	15	1024
7	2	16	991
7	2	17	344
7	2	18	574
7	2	19	1018
7	2	20	984
7	2	21	1024
7	2	22	1024
7	2	23	1024
7	2	24	1024
7	2	25	1024
7	2	26	1024
7	2	27	1024
7	2	28	1024
7	2	29	1024
7	2	30	699
7	2	33	75
7	2	34	964
7	2	35	1024
7	2	36	1024
7	2	37	1024
7	2	38	1024
7	2	39	1024
7	2	40	885
7	2	2047	128
7	3	0	1024
7	3	1	1024
7	3	2	1024
7	3	3	1024
7	3	4	1024
7	3	5	1024
7	3	6	1024
7	3	7	256
7	3	11	198
7	3	12	505
7	3	14	384
7	3	15	1024
7	3	16	1024
7	3	17	1020
7	3	18	627
7	3	19	1024
7	3	20	1024
7	3	21	1024
7	3	22	1024
7	3	23	1024
7	3	24	1024
7	3	25	1024
7	3	26	1024
7	3	27	1024
7	3	28	1024
7	3	29	1024
7	3	30	797
7	3	33	50
7	3	34	953
7	3	35	1024
7	3	36	1024
7	3	37	1024
7	3	38	1024
7	3	39	1022
7	3	40	358
7	3	2047	118
7	4	0	1024
7	4	1	1024
7	4	2	1024
7	4	3	1024
7	4	4	1024
7	4	5	1024
7	4	6	964
7	4	7	160
7	4	11	416
7	4	12	840
7	4	13	8
7	4	14	464
7	4	15	1023
7	4	16	1024
7	4	17	1024
7	4	18	793
7	4	19	805
7	4	20	1024
7	4	21	1024
7	4	22	1024
7	4	23	1024
7	4	24	1024
7	4	25	1024
7	4	26	1024
7	4	27	1024
7	4	28	1024
7	4	29	1024
7	4	30	271
7	4	33	437
7	4	34	1000
7	4	35	1024
7	4	36	1024
7	4	37	1024
7	4	38	1024
7	4	39	804
7	4	2047	219
7	5	0	1024
7	5	1	1024
7	5	2	1024
7	5	3	894
7	5	4	712
7	5	5	1024
7	5	6	899
7	5	7	224
7	5	8	210
7	5	11	281
7	5	12	719
7	5	13	64
7	5	14	1024
7	5	15	1024
7	5	16	1024
7	5	17	1024
7	5	18	1024
7	5	19	860
7	5	20	1024
7	5	21	1024
7	5	22	1024
7	5	23	1024
7	5	24	1024
7	5	25	1024
7	5	26	1024
7	5	27	1024
7	5	28	1024
7	5	29	1024
7	5	30	257
7	5	33	1008
7	5	34	1024
7	5	35	1024
7	5	36	1024
7	5	37	1024
7	5	38	1024
7	5	39	438
7	5	2047	250
7	6	0	1024
7	6	1	1024
7	6	2	1024
7	6	3	994
7	6	4	459
7	6	5	1024
7	6	6	1024
7	6	7	1024
7	6	8	960
7	6	11	72
7	6	12	198
7	6	13	89
7	6	14	1024
7	6	15	1024
7	6	16	1024
7	6	17	1024
7	6	18	1024
7	6	19	1024
7	6	20	1024
7	6	21	1024
7	6	22	1024
7	6	23	1024
7	6	24	1024
7	6	25	1024
7	6	26	1024
7	6	27	1024
7	6	28	1024
7	6	29	1024
7	6	30	968
7	6	31	928
7	6	32	928
7	6	33	1021
7	6	34	1024
7	6	35	1024
7	6	36	1024
7	6	37	1024
7	6	38	1024
7	6	39	251
7	6	2047	221
7	7	0	1024
7	7	1	1024
7	7	2	1024
7	7	3	949
7	7	4	407
7	7	5	818
7	7	6	1024
7	7	7	1024
7	7	8	1010
7	7	9	800
7	7	10	800
7	7	11	611
7	7	12	512
7	7	13	944
7	7	14	1024
7	7	15	1024
7	7	16	1024
7	7	17	1024
7	7	18	1024
7	7	19	1024
7	7	20	1024
7	7	21	1024
7	7	22	1024
7	7	23	1024
7	7	24	1024
7	7	25	1024
7	7	26	1024
7	7	27	1024
7	7	28	1024
7	7	29	1024
7	7	30	1024
7	7	31	1024
7	7	32	1024
7	7	33	1024
7	7	34	1024
7	7	35	1024
7	7	36	1024
7	7	37	1024
7	7	38	1024
7	7	39	200
7	7	2047	192
7	8	0	1024
7	8	1	1024
7	8	2	1024
7	8	3	1024
7	8	4	629
7	8	5	560
7	8	6	1024
7	8	7	1024
7	8	8	992
7	8	9	1024
7	8	10	1024
7	8	11	1024
7	8	12	1024
7	8	13	1024
7	8	14	1024
7	8	15	1024
7	8	16	1024
7	8	17	1024
7	8	18	1024
7	8	19	1024
7	8	20	1024
7	8	21	1024
7	8	22	1024
7	8	23	1024
7	8	24	1024
7	8	25	1024
7	8	26	1024
7	8	27	1024
7	8	28	1024
7	8	29	1024
7	8	30	1024
7	8	31	1024
7	8	32	1024
7	8	33	1024
7	8	34	1024
7	8	35	965
7	8	36	786
7	8	37	991
7	8	38	366
7	8	39	36
7	8	2047	168
7	9	0	1024
7	9	1	1024
7	9	2	1024
7	9	3	1024
7	9	4	1024
7	9	5	1024
7	9	6	1024
7	9	7	1024
7	9	8	768
7	9	9	1024
7	9	10	1024
7	9	11	1024
7	9	12	1024
7	9	13	1024
7	9	14	1024
7	9	15	1024
7	9	16	1024
7	9	17	1024
7	9	18	1024
7	9	19	1024
7	9	20	1024
7	9	21	1024
7	9	22	1024
7	9	23	1024
7	9	24	1024
7	9	25	1024
7	9	26	1024
7	9	27	1024
7	9	28	1024
7	9	29	1024
7	9	30	1024
7	9	31	1024
7	9	32	1024
7	9	33	1024
7	9	34	1024
7	9	35	1006
7	9	36	904
7	9	37	1006
7	9	38	832
7	9	39	832
7	9	40	331
7	9	2047	122
7	10	0	1024
7	10	1	1024
7	10	2	1024
7	10	3	1024
7	10	4	1024
7	10	5	1024
7	10	6	1024
7	10	7	1024
7	10	8	944
7	10	9	1024
7	10	10	1024
7	10	11	1024
7	10	12	1024
7	10	13	1024
7	10	14	1024
7	10	15	1024
7	10	16	1024
7	10	17	1024
7	10	18	1024
7	10	19	1024
7	10	20	1024
7	10	21	1024
7	10	22	1024
7	10	23	1024
7	10	24	1024
7	10	25	1024
7	10	26	1024
7	10	27	1024
7	10	28	1024
7	10	29	1024
7	10	30	1024
7	10	31	985
7	10	32	1024
7	10	33	1024
7	10	34	1024
7	10	35	1024
7	10	36	1024
7	10	37	1024
7	10	38	1024
7	10	39	1024
7	10	40	393
7	10	2047	100
7	11	0	1024
7	11	1	1024
7	11	2	1024
7	11	3	1024
7	11	4	1024
7	11	5	1024
7	11	6	1024
7	11	7	1024
7	11	8	1024
7	11	9	1024
7	11	10	1024
7	11	11	1024
7	11	12	1024
7	11	13	1024
7	11	14	1024
7	11	15	1024
7	11	16	1024
7	11	17	1024
7	11	18	1024
7	11	19	1024
7	11	20	1024
7	11	21	1024
7	11	22	1024
7	11	23	1024
7	11	24	1024
7	11	25	1024
7	11	26	1024
7	11	27	1024
7	11	28	1024
7	11	29	1024
7	11	30	1024
7	11	31	1024
7	11	32	929
7	11	33	864
7	11	34	955
7	11	35	728
7	11	36	1024
7	11	37	1024
7	11	38	1024
7	11	39	1024
7	11	40	384
7	11	2047	64
7	12	0	1024
7	12	1	1024
7	12	2	1024
7	12	3	1024
7	12	4	1024
7	12	5	1024
7	12	6	1024
7	12	7	1024
7	12	8	1024
7	12	9	1024
7	12	10	1024
7	12	11	1024
7	12	12	1024
7	12	13	1024
7	12	14	1024
7	12	15	1024
7	12	16	1024
7	12	17	1024
7	12	18	1024
7	12	19	1024
7	12	20	1024
7	12	21	1024
7	12	22	1024
7	12	23	1024
7	12	24	1024
7	12	25	1024
7	12	26	1024
7	12	27	1024
7	12	28	1024
7	12	29	1024
7	12	30	1024
7	12	31	1024
7	12	32	434
7	12	33	480
7	12	34	483
7	12	35	531
7	12	36	1024
7	12	37	1024
7	12	38	1024
7	12	39	1024
7	12	40	393
7	12	2047	64
7	13	0	1024
7	13	1	1024
7	13	2	1024
7	13	3	1024
7	13	4	1024
7	13	5	1024
7	13	6	1024
7	13	7	1024
7	13	8	1024
7	13	9	881
7	13	10	782
7	13	11	1024
7	13	12	1024
7	13	13	1024
7	13	14	1024
7	13	15	1024
7	13	16	1024
7	13	17	1024
7	13	18	1024
7	13	19	1024
7	13	20	1024
7	13	21	1024
7	13	22	1024
7	13	23	1024
7	13	24	1024
7	13	25	1024
7	13	26	1024
7	13	27	1024
7	13	28	1024
7	13	29	1024
7	13	30	1024
7	13	31	1024
7	13	32	596
7	13	33	1024
7	13	34	1024
7	13	35	1024
7	13	36	1024
7	13	37	1024
7	13	38	1024
7	13	39	1024
7	13	40	352
7	13	2047	76
7	14	0	1024
7	14	1	1024
7	14	2	1024
7	14	3	1024
7	14	4	1024
7	14	5	1024
7	14	6	1024
7	14	7	1024
7	14	8	1024
7	14	9	907
7	14	10	826
7	14	11	1024
7	14	12	1024
7	14	13	1024
7	14	14	1024
7	14	15	1024
7	14	16	1024
7	14	17	1024
7	14	18	1024
7	14	19	1024
7	14	20	1024
7	14	21	1024
7	14	22	1024
7	14	23	1024
7	14	24	1024
7	14	25	1024
7	14	26	1024
7	14	27	1024
7	14	28	1024
7	14	29	1024
7	14	30	1023
7	14	31	810
7	14	32	455
7	14	33	1024
7	14	34	1024
7	14	35	1024
7	14	36	1024
7	14	37	1024
7	14	38	1024
7	14	39	1024
7	14	40	352
7	14	2047	78
7	15	0	1024
7	15	1	1024
7	15	2	1024
7	15	3	1024
7	15	4	1024
7	15	5	1024
7	15	6	1024
7	15	7	1024
7	15	8	1024
7	15	9	985
7	15	10	958
7	15	11	1024
7	15	12	1024
7	15	13	1024
7	15	14	1024
7	15	15	1024
7	15	16	1024
7	15	17	1024
7	15	18	1024
7	15	19	1024
7	15	20	1024
7	15	21	1024
7	15	22	1024
7	15	23	1024
7	15	24	1024
7	15	25	1024
7	15	26	1024
7	15	27	1024
7	15	28	1024
7	15	29	1024
7	15	30	591
7	15	32	384
7	15	33	1024
7	15	34	1024
7	15	35	1024
7	15	36	1024
7	15	37	1024
7	15	38	1024
7	15	39	1024
7	15	40	352
7	15	2047	49
7	16	0	1024
7	16	1	1024
7	16	2	1024
7	16	3	1024
7	16	4	1024
7	16	5	1024
7	16	6	1024
7	16	7	1024
7	16	8	1024
7	16	9	738
7	16	10	540
7	16	11	1024
7	16	12	820
7	16	13	1024
7	16	14	1024
7	16	15	1024
7	16	16	1024
7	16	17	1024
7	16	18	1024
7	16	19	1024
7	16	20	1024
7	16	21	1024
7	16	22	1024
7	16	23	1024
7	16	24	1024
7	16	25	1024
7	16	26	1024
7	16	27	970
7	16	28	864
7	16	29	502
7	16	30	24
7	16	32	115
7	16	33	621
7	16	34	1021
7	16	35	1024
7	16	36	1024
7	16	37	832
7	16	38	832
7	16	39	198
7	16	40	11
7	16	2047	33
7	17	0	1024
7	17	1	1024
7	17	2	1024
7	17	3	1024
7	17	4	1024
7	17	5	1024
7	17	6	1024
7	17	7	1024
7	17	8	1024
7	17	9	900
7	17	10	342
7	17	11	1024
7	17	12	480
7	17	13	1024
7	17	14	1024
7	17	15	1024
7	17	16	1024
7	17	17	1024
7	17	18	1024
7	17	19	1024
7	17	20	1024
7	17	21	1024
7	17	22	1024
7	17	23	1024
7	17	24	1024
7	17	25	1024
7	17	26	1024
7	17	27	635
7	17	32	566
7	17	33	1024
7	17	34	1024
7	17	35	1024
7	17	36	1024
7	17	37	128
7	17	2047	48
7	18	0	1024
7	18	1	1024
7	18	2	1024
7	18	3	1024
7	18	4	1024
7	18	5	1024
7	18	6	1024
7	18	7	1024
7	18	8	1024
7	18	9	896
7	18	10	320
7	18	11	1024
7	18	12	480
7	18	13	1024
7	18	14	1024
7	18	15	1024
7	18	16	1024
7	18	17	1024
7	18	18	1024
7	18	19	1024
7	18	20	1024
7	18	21	1024
7	18	22	1024
7	18	23	1024
7	18	24	805
7	18	25	1024
7	18	26	1024
7	18	27	148
7	18	29	31
7	18	30	122
7	18	31	8
7	18	32	589
7	18	33	1024
7	18	34	1024
7	18	35	1024
7	18	36	1024
7	18	37	332
7	18	2047	63
7	19	0	1024
7	19	1	1024
7	19	2	1024
7	19	3	1024
7	19	4	1024
7	19	5	1024
7	19	6	1024
7	19	7	1024
7	19	8	1024
7	19	9	980
7	19	10	782
7	19	11	1024
7	19	12	888
7	19	13	1024
7	19	14	1024
7	19	15	1024
7	19	16	1024
7	19	17	1024
7	19	18	1024
7	19	19	1024
7	19	20	1024
7	19	21	1024
7	19	22	1024
7	19	23	1024
7	19	24	272
7	19	25	1024
7	19	26	1024
7	19	27	96
7	19	29	866
7	19	30	1024
7	19	31	753
7	19	32	130
7	19	33	999
7	19	34	1024
7	19	35	1024
7	19	36	1024
7	19	37	609
7	19	2047	77
7	20	0	1024
7	20	1	1024
7	20	2	1024
7	20	3	1024
7	20	4	1024
7	20	5	1024
7	20	6	1024
7	20	7	1024
7	20	8	1024
7	20	9	1024
7	20	10	1022
7	20	11	1024
7	20	12	1024
7	20	13	1024
7	20	14	1024
7	20	15	1024
7	20	16	1024
7	20	17	1024
7	20	18	1024
7	20	19	1024
7	20	20	1024
7	20	21	1024
7	20	22	1024
7	20	23	1024
7	20	24	463
7	20	25	1024
7	20	26	1024
7	20	27	96
7	20	29	1024
7	20	30	1024
7	20	31	924
7	20	32	778
7	20	33	1024
7	20	34	1024
7	20	35	1024
7	20	36	1024
7	20	37	1013
7	20	38	490
7	20	39	768
7	20	40	768
7	20	41	768
7	20	42	768
7	20	43	132
7	20	2047	30
7	21	0	1024
7	21	1	1024
7	21	2	1024
7	21	3	1024
7	21	4	1024
7	21	5	1024
7	21	6	1024
7	21	7	823
7	21	8	525
7	21	9	419
7	21	10	659
7	21	11	1017
7	21	12	1024
7	21	13	1014
7	21	14	1024
7	21	15	1024
7	21	16	1024
7	21	17	1024
7	21	18	1024
7	21	19	786
7	21	20	994
7	21	21	1024
7	21	22	1024
7	21	23	1024
7	21	24	778
7	21	25	1024
7	21	26	1024
7	21	27	96
7	21	29	793
7	21	30	973
7	21	31	504
7	21	32	969
7	21	33	1024
7	21	34	1024
7	21	35	1024
7	21	36	1024
7	21	37	1024
7	21	38	906
7	21	39	1024
7	21	40	1024
7	21	41	1024
7	21	42	1024
7	21	43	416
7	21	2047	10
7	22	0	227
7	22	1	958
7	22	2	1024
7	22	3	1024
7	22	4	1024
7	22	5	614
7	22	6	215
7	22	7	727
7	22	8	984
7	22	9	1024
7	22	10	1024
7	22	11	796
7	22	12	788
7	22	13	990
7	22	14	1024
7	22	15	1024
7	22	16	1024
7	22	17	1024
7	22	18	413
7	22	20	213
7	22	21	509
7	22	22	439
7	22	23	668
7	22	24	454
7	22	25	390
7	22	26	415
7	22	27	158
7	22	28	619
7	22	29	905
7	22	30	274
7	22	31	105
7	22	32	1022
7	22	33	1024
7	22	34	1024
7	22	35	1024
7	22	36	1024
7	22	37	1024
7	22	38	1024
7	22	39	1024
7	22	40	1024
7	22	41	1024
7	22	42	1024
7	22	43	416
7	23	1	771
7	23	2	1024
7	23	3	1024
7	23	4	1019
7	23	5	228
7	23	6	860
7	23	7	1024
7	23	8	1024
7	23	9	1024
7	23	10	1024
7	23	11	443
7	23	12	417
7	23	13	866
7	23	14	1024
7	23	15	1024
7	23	16	1024
7	23	17	1024
7	23	18	507
7	23	21	241
7	23	22	1005
7	23	23	1024
7	23	24	1024
7	23	25	1024
7	23	26	1024
7	23	27	1024
7	23	28	1024
7	23	29	1024
7	23	30	938
7	23	31	214
7	23	32	1024
7	23	33	1024
7	23	34	1024
7	23	35	1024
7	23	36	1024
7	23	37	1024
7	23	38	1024
7	23	39	1024
7	23	40	1024
7	23	41	1024
7	23	42	1024
7	23	43	416
7	24	0	513
7	24	1	939
7	24	2	1024
7	24	3	1024
7	24	4	944
7	24	5	83
7	24	6	985
7	24	7	1024
7	24	8	1024
7	24	9	1024
7	24	10	1024
7	24	11	1010
7	24	12	1019
7	24	13	882
7	24	14	1024
7	24	15	1024
7	24	16	1024
7	24	17	1024
7	24	18	984
7	24	19	40
7	24	21	705
7	24	22	1024
7	24	23	1024
7	24	24	1024
7	24	25	1024
7	24	26	1024
7	24	27	1024
7	24	28	1024
7	24	29	1024
7	24	30	980
7	24	31	64
7	24	32	1024
7	24	33	1024
7	24	34	1024
7	24	35	1024
7	24	36	1024
7	24	37	1024
7	24	38	1024
7	24	39	1024
7	24	40	1024
7	24	41	1024
7	24	42	1024
7	24	43	416
7	24	2047	25
7	25	0	608
7	25	1	1024
7	25	2	1024
7	25	3	1024
7	25	4	1024
7	25	5	366
7	25	6	1024
7	25	7	1024
7	25	8	1024
7	25	9	1024
7	25	10	1024
7	25	11	1024
7	25	12	1022
7	25	13	657
7	25	14	1024
7	25	15	1024
7	25	16	1024
7	25	17	1024
7	25	18	1024
7	25	19	188
7	25	21	998
7	25	22	1024
7	25	23	1024
7	25	24	1024
7	25	25	1024
7	25	26	1024
7	25	27	1024
7	25	28	1024
7	25	29	1024
7	25	30	927
7	25	31	1
7	25	32	1024
7	25	33	1024
7	25	34	1024
7	25	35	1024
7	25	36	1024
7	25	37	1024
7	25	38	1024
7	25	39	1024
7	25	40	1024
7	25	41	1024
7	25	42	1024
7	25	43	209
7	25	2047	95
7	26	0	608
7	26	1	1024
7	26	2	1024
7	26	3	1024
7	26	4	1024
7	26	5	369
7	26	6	1024
7	26	7	1024
7	26	8	1024
7	26	9	1024
7	26	10	1024
7	26	11	1024
7	26	12	1021
7	26	13	887
7	26	14	1024
7	26	15	1024
7	26	16	1024
7	26	17	1024
7	26	18	1024
7	26	19	650
7	26	20	12
7	26	21	921
7	26	22	1024
7	26	23	1024
7	26	24	1024
7	26	25	1024
7	26	26	1024
7	26	27	1024
7	26	28	1024
7	26	29	1024
7	26	30	799
7	26	31	2
7	26	32	1001
7	26	33	1024
7	26	34	1024
7	26	35	1024
7	26	36	1024
7	26	37	1024
7	26	38	1024
7	26	39	1024
7	26	40	1024
7	26	41	1024
7	26	42	1024
7	26	43	128
7	26	2047	50
7	27	0	530
7	27	1	943
7	27	2	651
7	27	3	852
7	27	4	669
7	27	5	122
7	27	6	968
7	27	7	1024
7	27	8	1024
7	27	9	1024
7	27	10	1024
7	27	11	519
7	27	12	389
7	27	13	720
7	27	14	1024
7	27	15	1024
7	27	16	1024
7	27	17	1024
7	27	18	1024
7	27	19	853
7	27	20	422
7	27	21	1024
7	27	22	1024
7	27	23	1024
7	27	24	1024
7	27	25	1024
7	27	26	1024
7	27	27	1024
7	27	28	1024
7	27	29	1024
7	27	30	624
7	27	32	795
7	27	33	1024
7	27	34	1024
7	27	35	1024
7	27	36	1024
7	27	37	1024
7	27	38	976
7	27	39	992
7	27	40	992
7	27	41	992
7	27	42	992
7	27	43	124
7	27	2047	7
7	28	0	683
7	28	1	529
7	28	6	808
7	28	7	1024
7	28	8	947
7	28	9	473
7	28	10	321
7	28	11	6
7	28	13	810
7	28	14	1024
7	28	15	1024
7	28	16	1024
7	28	17	1024
7	28	18	1024
7	28	19	555
7	28	20	691
7	28	21	1024
7	28	22	1024
7	28	23	1024
7	28	24	1024
7	28	25	1024
7	28	26	1024
7	28	27	1024
7	28	28	1024
7	28	29	1024
7	28	30	805
7	28	32	106
7	28	33	398
7	28	34	821
7	28	35	1024
7	28	36	1024
7	28	37	1024
7	28	38	698
7	28	39	288
7	28	40	243
7	28	2047	3
7	29	0	181
7	29	1	181
7	29	2	36
7	29	4	15
7	29	5	376
7	29	6	574
7	29	7	356
7	29	8	70
7	29	9	121
7	29	10	212
7	29	11	37
7	29	13	821
7	29	14	1024
7	29	15	1024
7	29	16	991
7	29	17	579
7	29	18	486
7	29	19	36
7	29	20	650
7	29	21	1001
7	29	22	1024
7	29	23	1024
7	29	24	1024
7	29	25	1024
7	29	26	1024
7	29	27	1024
7	29	28	1024
7	29	29	1024
7	29	30	1021
7	29	31	53
7	29	34	544
7	29	35	1024
7	29	36	1024
7	29	37	1024
7	29	38	1024
7	29	39	1024
7	29	40	864
7	29	2047	73
7	30	1	606
7	30	2	1024
7	30	3	1024
7	30	4	994
7	30	5	1024
7	30	6	1024
7	30	7	751
7	30	8	439
7	30	9	1022
7	30	10	1024
7	30	11	815
7	30	12	52
7	30	13	466
7	30	14	657
7	30	15	788
7	30	16	666
7	30	17	24
7	30	20	12
7	30	21	6
7	30	22	429
7	30	23	821
7	30	24	1004
7	30	25	1024
7	30	26	1024
7	30	27	1024
7	30	28	1024
7	30	29	1024
7	30	30	810
7	30	31	8
7	30	34	546
7	30	35	1024
7	30	36	1024
7	30	37	1024
7	30	38	1024
7	30	39	1024
7	30	40	879
7	30	41	39
7	30	2047	141
7	31	1	761
7	31	2	1024
7	31	3	1024
7	31	4	1024
7	31	5	1024
7	31	6	1024
7	31	7	958
7	31	8	835
7	31	9	1024
7	31	10	1024
7	31	11	1024
7	31	12	329
7	31	13	996
7	31	14	1024
7	31	15	1024
7	31	16	1024
7	31	17	374
7	31	20	8
7	31	21	256
7	31	22	256
7	31	23	256
7	31	24	229
7	31	25	226
7	31	26	1004
7	31	27	1024
7	31	28	1024
7	31	29	1024
7	31	30	564
7	31	31	628
7	31	32	454
7	31	34	544
7	31	35	1024
7	31	36	1024
7	31	37	1024
7	31	38	1024
7	31	39	1024
7	31	40	1024
7	31	41	416
7	31	2047	225
7	32	1	768
7	32	2	1024
7	32	3	1024
7	32	4	718
7	32	5	1024
7	32	6	1024
7	32	7	852
7	32	8	661
7	32	9	1024
7	32	10	1024
7	32	11	1024
7	32	12	295
7	32	13	988
7	32	14	1024
7	32	15	1024
7	32	16	1024
7	32	17	619
7	32	18	712
7	32	19	896
7	32	20	532
7	32	21	1009
7	32	22	1024
7	32	23	1024
7	32	24	832
7	32	25	256
7	32	26	1024
7	32	27	1024
7	32	28	1024
7	32	29	1024
7	32	30	996
7	32	31	1024
7	32	32	922
7	32	34	544
7	32	35	1024
7	32	36	1024
7	32	37	1024
7	32	38	1024
7	32	39	1024
7	32	40	1024
7	32	41	416
7	32	60	57
7	32	61	608
7	32	62	608
7	32	63	399
7	32	2047	290
7	33	1	339
7	33	2	627
7	33	3	625
7	33	4	111
7	33	5	776
7	33	6	775
7	33	7	309
7	33	8	226
7	33	9	780
7	33	10	1024
7	33	11	670
7	33	12	26
7	33	13	829
7	33	14	1024
7	33	15	999
7	33	16	928
7	33	17	921
7	33	18	1024
7	33	19	1024
7	33	20	309
7	33	21	992
7	33	22	1024
7	33	23	1024
7	33	24	832
7	33	25	32
7	33	26	968
7	33	27	1024
7	33	28	1024
7	33	29	1024
7	33	30	953
7	33	31	1024
7	33	32	886
7	33	34	544
7	33	35	1024
7	33	36	1024
7	33	37	1024
7	33	38	1024
7	33	39	1024
7	33	40	1024
7	33	41	416
7	33	60	96
7	33	61	1024
7	33	62	1024
7	33	63	816
7	33	2047	154
7	34	9	15
7	34	10	195
7	34	11	121
7	34	12	669
7	34	13	652
7	34	14	1024
7	34	15	616
7	34	17	544
7	34	18	1024
7	34	19	1024
7	34	20	288
7	34	21	1020
7	34	22	1024
7	34	23	1024
7	34	24	832
7	34	26	274
7	34	27	384
7	34	28	384
7	34	29	384
7	34	30	617
7	34	31	1020
7	34	32	573
7	34	34	544
7	34	35	1024
7	34	36	1024
7	34	37	1024
7	34	38	1024
7	34	39	1024
7	34	40	1024
7	34	41	416
7	34	60	114
7	34	61	1024
7	34	62	1024
7	34	63	869
7	35	7	213
7	35	8	576
7	35	9	512
7	35	10	205
7	35	11	305
7	35	12	1024
7	35	13	1024
7	35	14	1024
7	35	15	902
7	35	17	544
7	35	18	1024
7	35	19	1024
7	35	20	288
7	35	21	1024
7	35	22	1024
7	35	23	1024
7	35	24	832
7	35	30	9
7	35	31	81
7	35	34	544
7	35	35	1024
7	35	36	1024
7	35	37	1024
7	35	38	1024
7	35	39	1024
7	35	40	1024
7	35	41	416
7	35	60	128
7	35	61	1024
7	35	62	1024
7	35	63	896
7	36	7	704
7	36	8	1024
7	36	9	1024
7	36	10	580
7	36	11	298
7	36	12	1024
7	36	13	1024
7	36	14	1024
7	36	15	861
7	36	17	544
7	36	18	1024
7	36	19	1024
7	36	20	271
7	36	21	480
7	36	22	480
7	36	23	480
7	36	24	390
7	36	30	172
7	36	31	77
7	36	32	527
7	36	33	405
7	36	34	585
7	36	35	1024
7	36	36	1024
7	36	37	1024
7	36	38	1024
7	36	39	1024
7	36	40	1024
7	36	41	416
7	36	60	107
7	36	61	1024
7	36	62	1024
7	36	63	888
7	37	7	704
7	37	8	1024
7	37	9	1024
7	37	10	610
7	37	11	131
7	37	12	1024
7	37	13	1024
7	37	14	1024
7	37	15	863
7	37	17	442
7	37	18	802
7	37	19	736
7	37	20	184
7	37	21	256
7	37	22	384
7	37	23	344
7	37	24	242
7	37	25	18
7	37	29	176
7	37	30	1019
7	37	31	971
7	37	32	1024
7	37	33	879
7	37	34	631
7	37	35	1024
7	37	36	1024
7	37	37	1024
7	37	38	1024
7	37	39	1024
7	37	40	1024
7	37	41	416
7	37	60	96
7	37	61	1024
7	37	62	1024
7	37	63	864
7	38	1	60
7	38	2	384
7	38	3	263
7	38	4	112
7	38	5	224
7	38	6	224
7	38	7	757
7	38	8	1024
7	38	9	1024
7	38	10	629
7	38	11	3
7	38	12	921
7	38	13	1024
7	38	14	1024
7	38	15	817
7	38	17	670
7	38	18	994
7	38	19	698
7	38	21	916
7	38	22	1024
7	38	23	1024
7	38	24	1024
7	38	25	841
7	38	26	702
7	38	27	654
7	38	28	520
7	38	29	534
7	38	30	1024
7	38	31	988
7	38	32	757
7	38	33	751
7	38	34	238
7	38	35	448
7	38	36	448
7	38	37	448
7	38	38	448
7	38	39	448
7	38	40	468
7	38	41	234
7	38	60	96
7	38	61	1024
7	38	62	1024
7	38	63	864
7	39	1	160
7	39	2	1024
7	39	3	896
7	39	4	512
7	39	5	1024
7	39	6	1024
7	39	7	1024
7	39	8	566
7	39	9	572
7	39	10	272
7	39	12	673
7	39	13	1024
7	39	14	1024
7	39	15	537
7	39	17	648
7	39	18	1024
7	39	19	834
7	39	21	960
7	39	22	1024
7	39	23	1024
7	39	24	1024
7	39	25	1024
7	39	26	1024
7	39	27	1024
7	39	28	992
7	39	29	472
7	39	30	709
7	39	31	1017
7	39	32	1009
7	39	33	131
7	39	34	32
7	39	35	32
7	39	36	32
7	39	37	29
7	39	60	81
7	39	61	864
7	39	62	864
7	39	63	729
7	40	1	160
7	40	2	1024
7	40	3	896
7	40	4	512
7	40	5	1024
7	40	6	1024
7	40	7	1024
7	40	8	62
7	40	12	18
7	40	13	171
7	40	14	249
7	40	15	141
7	40	16	480
7	40	17	837
7	40	18	768
7	40	19	676
7	40	21	978
7	40	22	1024
7	40	23	1024
7	40	24	1024
7	40	25	1024
7	40	26	1024
7	40	27	1024
7	40	28	992
7	40	29	896
7	40	30	1024
7	40	31	1024
7	40	32	1024
7	40	33	1024
7	40	34	1024
7	40	35	1024
7	40	36	1024
7	40	37	928
7	41	1	145
7	41	2	928
7	41	3	812
7	41	4	512
7	41	5	1024
7	41	6	1024
7	41	7	1024
7	41	8	62
7	41	13	133
7	41	14	62
7	41	15	256
7	41	16	1024
7	41	17	1024
7	41	18	224
7	41	21	1006
7	41	22	1024
7	41	23	1024
7	41	24	1024
7	41	25	1024
7	41	26	1024
7	41	27	1024
7	41	28	1013
7	41	29	926
7	41	30	1024
7	41	31	1024
7	41	32	1024
7	41	33	1024
7	41	34	1024
7	41	35	1024
7	41	36	1024
7	41	37	928
7	42	4	512
7	42	5	1024
7	42	6	1024
7	42	7	1024
7	42	8	32
7	42	15	256
7	42	16	1024
7	42	17	1024
7	42	18	224
7	42	21	857
7	42	22	1024
7	42	23	1024
7	42	24	1024
7	42	25	1024
7	42	26	1024
7	42	27	1024
7	42	28	1024
7	42	29	944
7	42	30	1024
7	42	31	1024
7	42	32	1024
7	42	33	1024
7	42	34	1024
7	42	35	1024
7	42	36	1024
7	42	37	928
7	43	4	512
7	43	5	1024
7	43	6	1024
7	43	7	1024
7	43	8	32
7	43	15	226
7	43	16	1024
7	43	17	1024
7	43	18	224
7	43	21	832
7	43	22	1024
7	43	23	1024
7	43	24	1024
7	43	25	1024
7	43	26	1024
7	43	27	1024
7	43	28	984
7	43	29	928
7	43	30	1024
7	43	31	1024
7	43	32	1024
7	43	33	1024
7	43	34	1024
7	43	35	1024
7	43	36	1024
7	43	37	928
7	44	4	512
7	44	5	1024
7	44	6	1024
7	44	7	1024
7	44	8	32
7	44	15	192
7	44	16	1024
7	44	17	1024
7	44	18	224
7	44	21	842
7	44	22	1024
7	44	23	1024
7	44	24	1024
7	44	25	1024
7	44	26	1024
7	44	27	1024
7	44	28	960
7	44	29	900
7	44	30	1024
7	44	31	1024
7	44	32	1024
7	44	33	1024
7	44	34	1024
7	44	35	1024
7	44	36	1024
7	44	37	928
7	45	4	512
7	45	5	1024
7	45	6	1024
7	45	7	1024
7	45	8	32
7	45	15	72
7	45	16	384
7	45	17	384
7	45	18	84
7	45	21	889
7	45	22	1024
7	45	23	1024
7	45	24	1024
7	45	25	1024
7	45	26	1024
7	45	27	826
7	45	28	252
7	45	29	896
7	45	30	1024
7	45	31	1024
7	45	32	1024
7	45	33	1024
7	45	34	1024
7	45	35	1024
7	45	36	1024
7	45	37	928
7	46	4	512
7	46	5	1024
7	46	6	1024
7	46	7	1024
7	46	8	32
7	46	21	141
7	46	22	288
7	46	23	271
7	46	24	262
7	46	25	180
7	46	26	80
7	46	27	12
7	46	29	896
7	46	30	1024
7	46	31	1024
7	46	32	1024
7	46	33	1024
7	46	34	1024
7	46	35	1024
7	46	36	1024
7	46	37	928
7	47	4	512
7	47	5	1024
7	47	6	1024
7	47	7	1024
7	47	8	32
7	47	29	392
7	47	30	448
7	47	31	448
7	47	32	503
7	47	33	672
7	47	34	672
7	47	35	672
7	47	36	672
7	47	37	590
7	48	4	512
7	48	5	1024
7	48	6	1024
7	48	7	1024
7	48	8	32
7	49	4	288
7	49	5	576
7	49	6	471
7	49	7	416
7	49	8	13
7	50	22	131
7	50	23	221
7	50	24	223
7	51	22	480
7	51	23	560
7	51	24	361
7	52	22	150
7	52	23	132
7	2047	0	176
7	2047	1	157
7	2047	2	168
7	2047	3	75
7	2047	4	109
7	2047	5	90
7	2047	6	96
7	2047	7	27
7	2047	9	6
7	2047	10	23
7	2047	11	19
7	2047	12	22
7	2047	13	5
7	2047	14	37
7	2047	15	12
7	2047	16	8
7	2047	17	135
7	2047	18	15
7	2047	20	18
7	2047	21	6
7	2047	22	1
7	2047	23	10
7	2047	27	34
7	2047	28	77
7	2047	30	5
7	2047	31	1
7	2047	32	21
7	2047	36	4
7	2047	2047	30
8	0	3	4
8	0	4	7
8	0	5	200
8	0	6	228
8	0	7	9
8	0	8	163
8	0	9	40
8	1	3	356
8	1	4	1019
8	1	5	56
8	1	7	18
8	1	8	222
8	1	9	179
8	1	13	329
8	1	14	195
8	1	39	68
8	2	3	330
8	2	4	649
8	2	5	480
8	2	6	512
8	2	7	419
8	2	8	456
8	2	11	20
8	2	12	857
8	2	13	873
8	2	14	573
8	2	15	84
8	2	16	52
8	2	49	83
8	3	3	576
8	3	4	1024
8	3	5	1024
8	3	6	1024
8	3	7	815
8	3	8	776
8	3	9	53
8	3	10	55
8	3	11	110
8	3	12	782
8	3	13	825
8	3	14	140
8	3	15	76
8	3	16	68
8	3	17	60
8	3	20	15
8	3	21	512
8	3	22	593
8	3	23	326
8	3	42	24
8	3	43	20
8	4	1	88
8	4	3	576
8	4	4	1009
8	4	5	1024
8	4	6	1024
8	4	7	715
8	4	8	872
8	4	9	144
8	4	10	159
8	4	11	303
8	4	12	130
8	4	13	143
8	4	15	76
8	4	16	60
8	4	20	315
8	4	21	1024
8	4	22	1024
8	4	23	1022
8	4	24	109
8	4	42	4
8	4	43	3
8	4	46	38
8	4	48	5
8	5	1	20
8	5	3	396
8	5	4	232
8	5	5	296
8	5	6	134
8	5	7	223
8	5	8	456
8	5	10	150
8	5	11	480
8	5	12	105
8	5	15	43
8	5	16	43
8	5	20	540
8	5	21	1024
8	5	22	1024
8	5	23	1024
8	5	24	192
8	5	48	22
8	6	5	399
8	6	6	672
8	6	7	672
8	6	8	147
8	6	10	320
8	6	11	1024
8	6	12	224
8	6	15	25
8	6	16	25
8	6	20	544
8	6	21	1024
8	6	22	1024
8	6	23	1022
8	6	24	138
8	6	33	216
8	6	34	256
8	6	35	48
8	6	44	40
8	6	47	217
8	7	5	608
8	7	6	1024
8	7	7	1024
8	7	8	224
8	7	9	86
8	7	10	275
8	7	11	768
8	7	12	168
8	7	16	420
8	7	17	487
8	7	20	114
8	7	21	666
8	7	22	680
8	7	23	325
8	7	33	864
8	7	34	1024
8	7	35	192
8	7	39	83
8	7	44	5
8	7	47	239
8	8	3	371
8	8	5	285
8	8	6	480
8	8	7	480
8	8	8	105
8	8	16	551
8	8	17	741
8	8	29	34
8	8	30	68
8	8	31	544
8	8	32	544
8	8	33	949
8	8	34	1024
8	8	35	634
8	8	36	119
8	8	38	56
8	8	44	65
8	8	46	50
8	8	47	247
8	8	48	18
8	8	52	83
8	9	3	418
8	9	6	35
8	9	7	419
8	9	8	160
8	9	11	4
8	9	12	268
8	9	13	382
8	9	14	326
8	9	16	408
8	9	17	704
8	9	18	416
8	9	19	284
8	9	27	77
8	9	28	79
8	9	29	34
8	9	30	128
8	9	31	1024
8	9	32	1024
8	9	33	1024
8	9	34	1024
8	9	35	1024
8	9	36	224
8	9	44	155
8	9	46	30
8	9	47	249
8	9	48	97
8	10	6	247
8	10	7	1024
8	10	8	790
8	10	11	282
8	10	12	622
8	10	13	553
8	10	14	242
8	10	15	475
8	10	16	894
8	10	17	1003
8	10	18	1024
8	10	19	857
8	10	27	55
8	10	29	52
8	10	30	40
8	10	31	320
8	10	32	320
8	10	33	346
8	10	34	787
8	10	35	387
8	10	36	70
8	10	49	27
8	10	50	56
8	11	6	288
8	11	7	1024
8	11	8	812
8	11	11	325
8	11	12	452
8	11	13	311
8	11	14	138
8	11	15	800
8	11	16	1024
8	11	17	1024
8	11	18	1024
8	11	19	889
8	11	29	87
8	11	43	30
8	11	52	38
8	12	6	234
8	12	7	1024
8	12	8	529
8	12	11	77
8	12	12	139
8	12	13	273
8	12	14	201
8	12	15	800
8	12	16	1024
8	12	17	1024
8	12	18	1024
8	12	19	633
8	12	20	20
8	12	29	213
8	12	43	19
8	12	45	90
8	13	6	367
8	13	7	751
8	13	8	202
8	13	11	185
8	13	12	571
8	13	13	496
8	13	14	316
8	13	15	375
8	13	16	480
8	13	17	420
8	13	18	397
8	13	19	900
8	13	20	580
8	14	0	59
8	14	1	269
8	14	2	401
8	14	3	50
8	14	6	684
8	14	7	1024
8	14	8	418
8	14	11	333
8	14	12	529
8	14	13	369
8	14	14	189
8	14	19	851
8	14	20	655
8	14	45	27
8	14	50	27
8	15	0	177
8	15	1	584
8	15	2	550
8	15	3	111
8	15	6	689
8	15	7	1024
8	15	8	423
8	15	10	154
8	15	11	387
8	15	12	103
8	15	13	124
8	15	19	665
8	15	20	458
8	16	0	176
8	16	1	388
8	16	2	447
8	16	3	684
8	16	4	841
8	16	5	379
8	16	6	649
8	16	7	1024
8	16	8	134
8	16	10	704
8	16	11	1022
8	16	23	315
8	16	24	672
8	16	25	504
8	16	48	27
8	17	0	198
8	17	1	697
8	17	2	1018
8	17	3	1024
8	17	4	1024
8	17	5	994
8	17	6	520
8	17	7	427
8	17	8	506
8	17	10	616
8	17	11	896
8	17	23	480
8	17	24	1024
8	17	25	768
8	18	0	384
8	18	1	1024
8	18	2	1024
8	18	3	1024
8	18	4	1024
8	18	5	1024
8	18	6	672
8	18	8	339
8	18	9	442
8	18	10	350
8	18	23	405
8	18	24	864
8	18	25	648
8	18	30	20
8	18	31	7
8	19	0	384
8	19	1	1024
8	19	2	1024
8	19	3	1024
8	19	4	1024
8	19	5	1024
8	19	6	958
8	19	7	385
8	19	8	704
8	19	9	1024
8	19	10	1019
8	19	11	169
8	19	20	287
8	19	21	409
8	19	22	232
8	19	23	214
8	19	24	37
8	19	29	23
8	19	30	832
8	19	31	769
8	19	47	37
8	20	0	384
8	20	1	1024
8	20	2	1024
8	20	3	1024
8	20	4	1024
8	20	5	1024
8	20	6	1018
8	20	7	738
8	20	8	1019
8	20	9	1024
8	20	10	1022
8	20	11	139
8	20	20	812
8	20	21	1021
8	20	22	812
8	20	23	968
8	20	24	342
8	20	29	546
8	20	30	1024
8	20	31	785
8	21	0	384
8	21	1	1024
8	21	2	1024
8	21	3	1024
8	21	4	1024
8	21	5	1010
8	21	6	606
8	21	7	345
8	21	8	845
8	21	9	1024
8	21	10	1003
8	21	11	25
8	21	20	140
8	21	21	179
8	21	22	278
8	21	23	522
8	21	24	139
8	21	29	300
8	21	30	782
8	21	31	428
8	22	0	304
8	22	1	683
8	22	2	961
8	22	3	1024
8	22	4	1024
8	22	5	956
8	22	7	10
8	22	8	841
8	22	9	826
8	22	10	505
8	23	2	148
8	23	3	882
8	23	4	1024
8	23	5	988
8	23	8	81
8	23	9	515
8	23	10	159
8	24	2	288
8	24	3	1024
8	24	4	912
8	24	5	221
8	24	7	68
8	24	8	898
8	24	9	1024
8	24	10	889
8	24	32	149
8	24	33	320
8	24	34	153
8	24	35	34
8	25	2	288
8	25	3	1024
8	25	4	800
8	25	7	353
8	25	8	1024
8	25	9	1024
8	25	10	883
8	25	16	254
8	25	17	1024
8	25	18	1024
8	25	19	1024
8	25	20	1010
8	25	21	270
8	25	31	98
8	25	32	974
8	25	33	1024
8	25	34	944
8	25	35	381
8	25	36	91
8	26	2	279
8	26	3	992
8	26	4	775
8	26	7	164
8	26	8	974
8	26	9	1024
8	26	10	743
8	26	16	256
8	26	17	1024
8	26	18	1024
8	26	19	1024
8	26	20	1024
8	26	21	288
8	26	31	160
8	26	32	1024
8	26	33	1024
8	26	34	1024
8	26	35	374
8	26	36	12
8	27	7	217
8	27	8	928
8	27	9	815
8	27	10	318
8	27	16	256
8	27	17	1024
8	27	18	1024
8	27	19	1024
8	27	20	1024
8	27	21	288
8	27	31	72
8	27	32	936
8	27	33	1024
8	27	34	998
8	27	35	242
8	28	14	1
8	28	16	256
8	28	17	1024
8	28	18	1024
8	28	19	1024
8	28	20	1024
8	28	21	288
8	28	32	102
8	28	33	139
8	28	34	58
8	28	57	783
8	28	58	928
8	28	59	725
8	28	60	480
8	28	61	360
8	29	2	438
8	29	3	276
8	29	11	160
8	29	12	256
8	29	13	256
8	29	14	256
8	29	15	256
8	29	16	440
8	29	17	1024
8	29	18	1024
8	29	19	1024
8	29	20	1024
8	29	21	402
8	29	22	192
8	29	23	192
8	29	24	192
8	29	25	192
8	29	26	49
8	29	57	864
8	29	58	1024
8	29	59	1024
8	29	60	1024
8	29	61	768
8	30	2	885
8	30	3	524
8	30	11	654
8	30	12	1024
8	30	13	1024
8	30	14	1024
8	30	15	1024
8	30	16	992
8	30	17	1024
8	30	18	1024
8	30	19	1024
8	30	20	1024
8	30	21	1024
8	30	22	1024
8	30	23	1024
8	30	24	1024
8	30	25	1024
8	30	26	752
8	30	57	864
8	30	58	1024
8	30	59	1024
8	30	60	1024
8	30	61	768
8	31	2	147
8	31	3	82
8	31	11	704
8	31	12	1024
8	31	13	1024
8	31	14	1024
8	31	15	1024
8	31	16	1021
8	31	17	1024
8	31	18	1024
8	31	19	1024
8	31	20	1024
8	31	21	1024
8	31	22	1024
8	31	23	1024
8	31	24	1024
8	31	25	1024
8	31	26	768
8	31	57	864
8	31	58	1024
8	31	59	1024
8	31	60	1024
8	31	61	768
8	32	11	704
8	32	12	1024
8	32	13	1024
8	32	14	1024
8	32	15	1024
8	32	16	1024
8	32	17	1024
8	32	18	1024
8	32	19	1024
8	32	20	1024
8	32	21	1024
8	32	22	1024
8	32	23	1024
8	32	24	1024
8	32	25	1024
8	32	26	768
8	32	57	632
8	32	58	1024
8	32	59	1024
8	32	60	1024
8	32	61	768
8	33	11	704
8	33	12	1024
8	33	13	1024
8	33	14	1024
8	33	15	1024
8	33	16	1024
8	33	17	1024
8	33	18	1024
8	33	19	1024
8	33	20	1024
8	33	21	1024
8	33	22	1024
8	33	23	1024
8	33	24	1024
8	33	25	1024
8	33	26	768
8	33	57	608
8	33	58	1024
8	33	59	1024
8	33	60	1024
8	33	61	768
8	34	11	704
8	34	12	1024
8	34	13	1024
8	34	14	1024
8	34	15	1024
8	34	16	1024
8	34	17	1024
8	34	18	1024
8	34	19	1024
8	34	20	1024
8	34	21	1024
8	34	22	1024
8	34	23	1024
8	34	24	1024
8	34	25	1024
8	34	26	768
8	34	57	437
8	34	58	736
8	34	59	652
8	34	60	288
8	34	61	216
8	35	11	704
8	35	12	1024
8	35	13	1024
8	35	14	1024
8	35	15	1024
8	35	16	1024
8	35	17	1024
8	35	18	1024
8	35	19	1024
8	35	20	1024
8	35	21	1024
8	35	22	1024
8	35	23	1024
8	35	24	1024
8	35	25	1024
8	35	26	768
8	36	11	698
8	36	12	1024
8	36	13	1024
8	36	14	1024
8	36	15	1024
8	36	16	1024
8	36	17	1024
8	36	18	1024
8	36	19	1024
8	36	20	1024
8	36	21	1024
8	36	22	1024
8	36	23	1024
8	36	24	1024
8	36	25	1024
8	36	26	768
8	37	11	640
8	37	12	1024
8	37	13	1024
8	37	14	1024
8	37	15	1024
8	37	16	1024
8	37	17	1024
8	37	18	1024
8	37	19	1024
8	37	20	995
8	37	21	1024
8	37	22	1024
8	37	23	1024
8	37	24	1024
8	37	25	1024
8	37	26	576
8	38	11	300
8	38	12	480
8	38	13	480
8	38	14	480
8	38	15	480
8	38	16	718
8	38	17	1024
8	38	18	1024
8	38	19	1024
8	38	20	992
8	38	21	725
8	38	22	608
8	38	23	608
8	38	24	608
8	38	25	608
8	38	26	152
8	39	16	448
8	39	17	1024
8	39	18	1024
8	39	19	1024
8	39	20	992
8	39	21	288
8	40	16	448
8	40	17	1024
8	40	18	1024
8	40	19	1024
8	40	20	992
8	40	21	288
8	41	16	448
8	41	17	1024
8	41	18	1024
8	41	19	1024
8	41	20	992
8	41	21	288
8	42	16	448
8	42	17	1024
8	42	18	1014
8	42	19	992
8	42	20	987
8	42	21	288
8	43	16	168
8	43	17	384
8	43	18	384
8	43	19	384
8	43	20	403
8	43	21	117
8	49	5	556
8	49	6	186
8	50	5	704
8	50	6	164
8	50	22	5
8	50	23	384
8	50	24	201
8	51	5	261
8	51	6	50
8	51	23	868
8	51	24	339
8	51	25	49
9	0	3	119
9	0	4	201
9	0	46	275
9	0	47	258
9	0	49	6
9	0	50	420
9	0	51	662
9	0	52	506
9	1	3	396
9	1	4	576
9	1	5	126
9	1	45	33
9	1	46	1014
9	1	47	1006
9	1	48	131
9	1	49	476
9	1	50	1024
9	1	51	1024
9	1	52	1016
9	1	53	72
9	2	12	425
9	2	13	351
9	2	42	185
9	2	43	378
9	2	44	8
9	2	45	44
9	2	46	999
9	2	47	1024
9	2	48	635
9	2	49	1024
9	2	50	1024
9	2	51	1024
9	2	52	1024
9	2	53	101
9	2	55	126
9	2	56	320
9	2	57	147
9	2	58	32
9	2	59	15
9	3	5	276
9	3	6	453
9	3	12	514
9	3	13	407
9	3	42	736
9	3	43	1024
9	3	44	248
9	3	46	639
9	3	47	1024
9	3	48	470
9	3	49	853
9	3	50	877
9	3	51	825
9	3	52	588
9	3	53	31
9	3	55	288
9	3	56	1024
9	3	57	1024
9	3	58	1024
9	3	59	596
9	4	5	48
9	4	6	80
9	4	40	435
9	4	41	758
9	4	42	862
9	4	43	1024
9	4	44	885
9	4	45	741
9	4	46	700
9	4	47	614
9	4	48	586
9	4	49	840
9	4	50	265
9	4	55	258
9	4	56	1024
9	4	57	556
9	4	58	256
9	4	59	128
9	5	40	422
9	5	41	1024
9	5	42	1024
9	5	43	1024
9	5	44	1024
9	5	45	970
9	5	46	60
9	5	47	3
9	5	48	552
9	5	49	983
9	5	50	1020
9	5	51	557
9	5	55	162
9	5	56	864
9	5	57	243
9	6	39	273
9	6	40	879
9	6	41	1024
9	6	42	1024
9	6	43	1024
9	6	44	1024
9	6	45	577
9	6	46	472
9	6	47	912
9	6	48	138
9	6	49	558
9	6	50	1024
9	6	51	707
9	6	52	132
9	6	53	8
9	7	16	520
9	7	17	560
9	7	39	826
9	7	40	961
9	7	41	914
9	7	42	1024
9	7	43	602
9	7	44	438
9	7	45	157
9	7	46	610
9	7	47	1024
9	7	48	254
9	7	49	378
9	7	50	885
9	7	51	865
9	7	52	1024
9	7	53	786
9	8	16	832
9	8	17	896
9	8	37	99
9	8	38	648
9	8	39	101
9	8	40	180
9	8	41	378
9	8	42	998
9	8	43	788
9	8	44	1024
9	8	45	722
9	8	46	1024
9	8	47	1024
9	8	48	533
9	8	49	805
9	8	50	1024
9	8	51	1024
9	8	52	1024
9	8	53	1022
9	8	54	26
9	9	10	725
9	9	11	261
9	9	16	520
9	9	17	560
9	9	27	77
9	9	28	83
9	9	36	9
9	9	37	449
9	9	38	808
9	9	40	490
9	9	41	891
9	9	42	1024
9	9	43	1024
9	9	44	1024
9	9	45	688
9	9	46	491
9	9	47	937
9	9	48	769
9	9	49	491
9	9	50	958
9	9	51	794
9	9	52	1024
9	9	53	747
9	10	10	600
9	10	11	216
9	10	35	228
9	10	36	981
9	10	37	1024
9	10	38	799
9	10	40	829
9	10	41	996
9	10	42	872
9	10	43	995
9	10	44	1024
9	10	45	842
9	10	46	279
9	10	47	151
9	10	48	181
9	10	49	1024
9	10	50	1024
9	10	51	633
9	10	52	433
9	10	53	75
9	10	54	179
9	10	55	887
9	10	56	555
9	11	35	384
9	11	36	1024
9	11	37	1010
9	11	38	473
9	11	40	917
9	11	41	1024
9	11	42	641
9	11	43	614
9	11	44	1
9	11	45	139
9	11	46	557
9	11	47	1024
9	11	48	132
9	11	49	1013
9	11	50	1024
9	11	51	703
9	11	52	839
9	11	53	930
9	11	54	846
9	11	55	743
9	11	56	1009
9	11	57	112
9	12	19	22
9	12	20	20
9	12	32	45
9	12	33	126
9	12	35	170
9	12	36	569
9	12	37	128
9	12	40	575
9	12	41	898
9	12	42	249
9	12	43	1024
9	12	44	261
9	12	45	1022
9	12	46	1024
9	12	47	899
9	12	49	478
9	12	50	593
9	12	51	59
9	12	52	79
9	12	53	936
9	12	54	543
9	12	55	16
9	12	56	599
9	12	57	83
9	13	19	797
9	13	20	580
9	13	32	266
9	13	33	840
9	13	34	181
9	13	35	68
9	13	40	30
9	13	41	73
9	13	42	56
9	13	43	1024
9	13	44	757
9	13	45	1022
9	13	46	1024
9	13	47	1021
9	13	48	987
9	13	49	278
9	13	50	366
9	13	51	506
9	13	52	138
9	13	53	400
9	13	54	932
9	13	55	329
9	14	19	851
9	14	20	655
9	14	32	179
9	14	33	939
9	14	34	788
9	14	35	267
9	14	38	68
9	14	39	659
9	14	40	302
9	14	41	4
9	14	42	568
9	14	43	946
9	14	44	996
9	14	45	1024
9	14	46	1024
9	14	47	1024
9	14	48	1024
9	14	49	443
9	14	50	871
9	14	51	1024
9	14	52	715
9	14	53	14
9	14	54	965
9	14	55	1024
9	14	56	97
9	15	4	35
9	15	8	50
9	15	9	128
9	15	19	665
9	15	20	458
9	15	32	42
9	15	33	448
9	15	34	451
9	15	35	118
9	15	38	848
9	15	39	1024
9	15	40	524
9	15	41	187
9	15	42	1024
9	15	43	656
9	15	44	989
9	15	45	1024
9	15	46	1024
9	15	47	1024
9	15	48	1024
9	15	49	754
9	15	50	1024
9	15	51	1024
9	15	52	641
9	15	54	318
9	15	55	512
9	15	56	21
9	16	8	986
9	16	9	972
9	16	10	3
9	16	14	28
9	16	38	263
9	16	39	1016
9	16	40	739
9	16	41	173
9	16	42	1024
9	16	43	1000
9	16	44	816
9	16	45	845
9	16	46	823
9	16	47	1024
9	16	48	1024
9	16	49	716
9	16	50	824
9	16	51	532
9	16	52	64
9	17	1	260
9	17	2	953
9	17	3	301
9	17	8	929
9	17	9	700
9	17	38	173
9	17	39	1018
9	17	40	665
9	17	41	4
9	17	42	656
9	17	43	1024
9	17	44	1024
9	17	45	871
9	17	46	142
9	17	47	989
9	17	48	1024
9	17	49	584
9	17	50	139
9	17	51	435
9	18	1	171
9	18	2	568
9	18	3	143
9	18	8	416
9	18	35	1
9	18	38	175
9	18	39	790
9	18	40	84
9	18	43	288
9	18	44	643
9	18	45	460
9	18	47	279
9	18	48	506
9	18	49	131
9	19	5	329
9	19	6	860
9	19	7	291
9	19	22	42
9	19	23	52
9	19	46	220
9	19	47	603
9	19	48	362
9	20	6	991
9	20	7	544
9	20	22	631
9	20	23	378
9	20	24	10
9	20	45	276
9	20	46	967
9	20	47	953
9	20	48	885
9	20	49	705
9	20	50	598
9	20	51	274
9	21	4	42
9	21	5	183
9	21	6	113
9	21	7	51
9	21	22	76
9	21	23	728
9	21	24	618
9	21	44	25
9	21	45	907
9	21	46	684
9	21	47	720
9	21	48	608
9	21	49	1024
9	21	50	1024
9	21	51	789
9	22	4	462
9	22	5	791
9	22	6	194
9	22	23	379
9	22	24	237
9	22	44	123
9	22	45	1024
9	22	46	793
9	22	47	731
9	22	48	725
9	22	49	369
9	22	50	633
9	22	51	334
9	23	4	480
9	23	5	256
9	23	8	94
9	23	9	547
9	23	10	180
9	23	45	509
9	23	46	470
9	23	47	989
9	23	48	952
9	24	4	75
9	24	5	40
9	24	7	75
9	24	8	917
9	24	9	1024
9	24	10	900
9	24	47	450
9	24	48	488
9	25	7	357
9	25	8	1024
9	25	9	1024
9	25	10	873
9	26	7	161
9	26	8	974
9	26	9	1024
9	26	10	740
9	27	7	209
9	27	8	896
9	27	9	783
9	27	10	299
9	28	57	364
9	28	58	704
9	28	59	704
9	28	60	704
9	28	61	396
9	29	57	688
9	29	58	1024
9	29	59	1024
9	29	60	1024
9	29	61	576
9	30	57	657
9	30	58	1024
9	30	59	1024
9	30	60	1024
9	30	61	589
9	31	57	540
9	31	58	1024
9	31	59	1024
9	31	60	1024
9	31	61	608
9	32	57	512
9	32	58	1024
9	32	59	1024
9	32	60	982
9	32	61	466
9	33	57	240
9	33	58	566
9	33	59	724
9	33	60	423
9	34	58	173
9	34	59	88
9	49	5	861
9	49	6	420
9	50	5	886
9	50	6	480
9	50	23	168
9	50	24	462
9	50	25	84
9	51	5	485
9	51	6	240
9	51	23	372
9	51	24	974
9	51	25	180
9	52	29	168
9	52	30	124
9	53	29	832
9	53	30	608
9	54	29	234
9	54	30	171
10	0	44	350
10	0	45	659
10	0	46	672
10	0	47	660
10	1	5	56
10	1	6	155
10	1	34	468
10	1	44	608
10	1	45	1024
10	1	46	1024
10	1	47	1024
10	2	3	72
10	2	4	657
10	2	5	530
10	2	6	707
10	2	34	846
10	2	44	590
10	2	45	1024
10	2	46	1024
10	2	47	1024
10	3	3	414
10	3	4	1019
10	3	5	645
10	3	6	723
10	3	34	636
10	3	35	452
10	3	36	466
10	3	37	631
10	3	38	251
10	3	44	576
10	3	45	1024
10	3	46	1024
10	3	47	1024
10	4	1	18
10	4	2	294
10	4	3	803
10	4	4	825
10	4	5	364
10	4	6	747
10	4	7	228
10	4	34	992
10	4	35	1024
10	4	36	1024
10	4	37	924
10	4	38	568
10	4	44	582
10	4	45	1024
10	4	46	1024
10	4	47	1024
10	5	1	380
10	5	2	1024
10	5	3	1024
10	5	4	1024
10	5	5	674
10	5	6	992
10	5	7	608
10	5	34	587
10	5	35	504
10	5	36	404
10	5	37	737
10	5	38	448
10	5	42	130
10	5	43	911
10	5	44	985
10	5	45	1024
10	5	46	1024
10	5	47	1024
10	5	48	287
10	6	1	483
10	6	2	1024
10	6	3	1024
10	6	4	1024
10	6	5	704
10	6	6	992
10	6	7	608
10	6	34	976
10	6	35	717
10	6	36	887
10	6	37	614
10	6	38	448
10	6	42	160
10	6	43	1024
10	6	44	1024
10	6	45	1024
10	6	46	1024
10	6	47	1024
10	6	48	384
10	7	1	363
10	7	2	1024
10	7	3	1024
10	7	4	1024
10	7	5	576
10	7	6	992
10	7	7	608
10	7	33	31
10	7	34	441
10	7	35	185
10	7	36	635
10	7	37	970
10	7	38	476
10	7	42	148
10	7	43	1024
10	7	44	1024
10	7	45	1024
10	7	46	1024
10	7	47	1024
10	7	48	384
10	8	1	99
10	8	2	285
10	8	3	320
10	8	4	320
10	8	5	105
10	8	6	372
10	8	7	228
10	8	33	507
10	8	34	1024
10	8	35	1024
10	8	36	1024
10	8	37	934
10	8	38	171
10	8	43	257
10	8	44	475
10	8	45	806
10	8	46	1024
10	8	47	1024
10	8	48	384
10	9	28	45
10	9	33	313
10	9	34	812
10	9	35	691
10	9	36	608
10	9	37	315
10	9	45	47
10	9	46	288
10	9	47	234
10	9	48	70
10	10	34	894
10	10	35	63
10	11	33	530
10	11	34	818
10	12	33	825
10	12	34	938
10	12	35	262
10	12	36	318
10	12	37	486
10	12	38	15
10	13	33	430
10	13	34	788
10	13	35	547
10	13	36	903
10	13	37	1004
10	13	38	179
10	14	3	408
10	14	4	768
10	14	5	96
10	14	32	18
10	14	33	872
10	14	34	800
10	14	35	652
10	14	36	1024
10	14	37	845
10	14	38	665
10	14	39	632
10	14	40	298
10	15	3	544
10	15	4	1024
10	15	5	128
10	15	32	36
10	15	33	446
10	15	34	451
10	15	35	217
10	15	36	602
10	15	37	1010
10	15	38	1024
10	15	39	1024
10	15	40	576
10	16	3	204
10	16	4	384
10	16	5	48
10	16	14	139
10	16	37	144
10	16	38	615
10	16	39	840
10	16	40	501
10	17	38	746
10	17	39	630
10	17	40	230
10	21	4	278
10	21	5	440
10	21	6	166
10	22	4	572
10	22	5	937
10	22	6	483
10	50	5	280
10	50	6	278
10	51	5	238
10	51	6	238
10	52	29	21
10	52	30	17
10	52	32	12
10	52	33	215
10	52	34	114
10	53	29	672
10	53	30	544
10	53	32	96
10	53	33	1024
10	53	34	672
10	54	29	63
10	54	30	51
10	54	31	221
10	54	32	541
10	54	33	1024
10	54	34	849
10	54	35	380
10	55	31	234
10	55	32	553
10	55	33	576
10	55	34	576
10	55	35	414
11	14	3	200
11	14	4	110
11	15	3	600
11	15	4	330
11	15	22	204
11	15	23	61
11	16	14	231
11	16	22	49
11	16	23	143
11	17	22	12
11	17	23	121
11	21	2	728
11	21	3	896
11	21	4	896
11	21	5	364
11	22	2	832
11	22	3	1024
11	22	4	1024
11	22	5	416
11	23	2	338
11	23	3	416
11	23	4	416
11	23	5	169
11	52	27	1
11	52	30	6
11	52	31	36
11	53	29	832
11	53	30	918
11	53	31	542
11	53	32	60
11	53	33	364
11	54	29	156
11	54	30	108
12	2	1	14
12	2	2	98
12	3	1	85
12	3	2	98
12	4	1	26
12	4	2	113
12	15	13	21
12	15	14	672
12	15	15	210
12	15	22	220
12	15	23	151
12	16	13	32
12	16	14	1024
12	16	15	320
12	16	22	110
12	16	23	422
12	17	13	32
12	17	14	1024
12	17	15	320
12	17	22	68
12	17	23	232
12	18	13	3
12	18	14	96
12	18	15	30
12	18	22	133
12	18	23	895
12	18	24	385
12	19	22	202
12	19	23	927
12	19	24	467
12	53	30	95
12	53	31	321
13	1	3	319
13	2	1	14
13	2	2	268
13	2	3	412
13	3	0	60
13	3	1	286
13	3	2	144
13	3	3	495
13	3	4	2
13	4	0	10
13	4	1	135
13	4	2	293
13	4	3	271
13	4	4	18
13	5	5	12
13	5	6	372
13	6	5	18
13	6	6	602
13	7	5	6
13	7	6	204
13	7	7	176
13	8	7	55
13	11	2	54
13	11	3	92
13	12	1	63
13	12	2	155
13	12	3	117
13	12	12	19
13	13	1	18
13	13	2	12
13	13	3	140
13	13	12	103
13	14	16	175
13	14	17	224
13	14	18	224
13	14	19	224
13	14	20	224
13	14	21	546
13	14	22	933
13	14	23	948
13	14	24	977
13	14	25	967
13	14	26	1024
13	14	27	492
13	15	16	800
13	15	17	1024
13	15	18	1024
13	15	19	1024
13	15	20	1024
13	15	21	1024
13	15	22	1024
13	15	23	1024
13	15	24	1024
13	15	25	1024
13	15	26	1024
13	15	27	951
13	15	28	60
13	16	16	800
13	16	17	1024
13	16	18	1024
13	16	19	1024
13	16	20	1024
13	16	21	1024
13	16	22	1024
13	16	23	1024
13	16	24	1024
13	16	25	1024
13	16	26	1023
13	16	27	1024
13	16	28	745
13	16	29	227
13	17	16	800
13	17	17	1024
13	17	18	1024
13	17	19	1024
13	17	20	1024
13	17	21	1024
13	17	22	1024
13	17	23	1024
13	17	24	1024
13	17	25	1024
13	17	26	1024
13	17	27	1024
13	17	28	858
13	17	29	39
13	18	16	275
13	18	17	352
13	18	18	352
13	18	19	352
13	18	20	352
13	18	21	588
13	18	22	1024
13	18	23	1024
13	18	24	1024
13	18	25	1024
13	18	26	1024
13	18	27	470
13	18	28	752
13	18	29	169
13	19	22	648
13	19	23	1024
13	19	24	908
13	19	25	367
13	19	26	1024
13	19	27	82
13	19	28	68
13	19	29	24
13	20	22	160
13	20	23	302
13	20	24	280
13	20	25	216
13	20	26	1013
13	20	27	19
13	21	25	243
13	21	26	1010
13	21	27	66
13	22	24	777
13	22	25	897
13	22	26	1024
13	22	27	274
13	23	24	744
13	23	25	617
13	23	26	198
13	23	27	3
13	52	28	119
13	52	29	45
13	53	23	85
13	53	24	83
13	53	25	6
13	53	26	394
13	53	27	118
13	53	28	984
13	53	29	352
13	54	27	12
13	54	28	368
13	54	29	143
14	0	0	245
14	0	1	473
14	0	2	386
14	0	3	384
14	0	4	192
14	1	0	666
14	1	1	1024
14	1	2	1024
14	1	3	1024
14	1	4	544
14	2	0	647
14	2	1	1024
14	2	2	1024
14	2	3	1024
14	2	4	544
14	3	0	624
14	3	1	1024
14	3	2	1024
14	3	3	1024
14	3	4	545
14	3	32	85
14	3	33	11
14	4	0	492
14	4	1	1024
14	4	2	1024
14	4	3	1024
14	4	4	519
14	4	32	393
14	4	33	296
14	5	0	66
14	5	1	284
14	5	2	290
14	5	3	292
14	5	4	65
14	5	5	12
14	5	6	507
14	5	32	68
14	6	5	18
14	6	6	602
14	6	8	339
14	7	5	6
14	7	6	204
14	7	7	280
14	7	8	246
14	7	9	75
14	8	7	265
14	8	8	104
14	8	9	10
14	10	32	13
14	10	33	240
14	11	2	322
14	11	3	197
14	11	16	13
14	11	32	134
14	11	33	416
14	11	34	16
14	12	1	95
14	12	2	537
14	12	3	287
14	12	12	34
14	12	16	202
14	12	33	36
14	13	1	95
14	13	2	470
14	13	3	340
14	13	12	114
14	13	16	43
14	14	3	25
14	15	26	231
14	15	27	837
14	15	28	63
14	16	25	438
14	16	26	1024
14	16	27	1024
14	16	28	1010
14	16	29	378
14	17	24	575
14	17	25	660
14	17	26	834
14	17	27	1024
14	17	28	1024
14	17	29	334
14	18	24	475
14	18	25	731
14	18	26	1018
14	18	27	1017
14	18	28	1024
14	18	29	414
14	19	25	37
14	19	26	892
14	19	27	76
14	19	28	262
14	19	29	118
14	20	25	59
14	20	26	829
14	21	25	150
14	21	26	927
14	21	27	28
14	22	24	726
14	22	25	867
14	22	26	989
14	22	27	168
14	23	24	529
14	23	25	460
14	23	26	91
14	52	23	160
14	52	24	320
14	52	25	152
14	52	28	15
14	52	29	3
14	53	23	544
14	53	24	1024
14	53	25	518
14	53	26	905
14	53	27	671
14	53	28	701
14	53	29	298
14	54	23	195
14	54	24	831
14	54	25	416
14	54	26	794
14	54	27	598
14	54	28	137
14	54	29	70
15	0	0	2
15	0	1	32
15	0	2	8
15	0	5	115
15	0	6	205
15	0	16	180
15	0	17	288
15	0	18	288
15	0	19	36
15	1	0	64
15	1	1	1024
15	1	2	256
15	1	4	109
15	1	5	455
15	1	6	510
15	1	7	107
15	1	16	640
15	1	17	1024
15	1	18	1024
15	1	19	128
15	1	31	274
15	1	32	704
15	1	33	389
15	1	34	8
15	2	0	28
15	2	1	448
15	2	2	112
15	2	4	352
15	2	5	534
15	2	6	510
15	2	16	640
15	2	17	1024
15	2	18	1024
15	2	19	128
15	2	31	417
15	2	32	1024
15	2	33	1024
15	2	34	670
15	2	35	550
15	2	36	12
15	3	4	77
15	3	5	463
15	3	6	312
15	3	16	640
15	3	17	1024
15	3	18	1024
15	3	19	135
15	3	30	551
15	3	31	982
15	3	32	1024
15	3	33	1024
15	3	34	1024
15	3	35	1024
15	3	36	28
15	4	5	323
15	4	6	608
15	4	7	209
15	4	8	285
15	4	9	304
15	4	12	16
15	4	13	11
15	4	16	180
15	4	17	288
15	4	18	242
15	4	19	28
15	4	30	556
15	4	31	1024
15	4	32	1024
15	4	33	1024
15	4	34	1024
15	4	35	1024
15	5	5	544
15	5	6	1024
15	5	7	352
15	5	8	349
15	5	9	274
15	5	11	133
15	5	12	953
15	5	13	853
15	5	14	14
15	5	30	576
15	5	31	1024
15	5	32	1024
15	5	33	1024
15	5	34	1024
15	5	35	992
15	6	5	544
15	6	6	1024
15	6	7	799
15	6	8	1022
15	6	9	469
15	6	11	527
15	6	12	1024
15	6	13	946
15	6	14	48
15	6	30	267
15	6	31	1024
15	6	32	1024
15	6	33	1024
15	6	34	1024
15	6	35	992
15	7	5	476
15	7	6	904
15	7	7	1024
15	7	8	1024
15	7	9	691
15	7	11	550
15	7	12	825
15	7	13	327
15	7	15	48
15	7	16	211
15	7	17	198
15	7	18	161
15	7	30	8
15	7	31	137
15	7	32	256
15	7	33	241
15	7	34	224
15	7	35	217
15	8	6	31
15	8	7	1020
15	8	8	1024
15	8	9	508
15	8	15	160
15	8	16	403
15	8	17	704
15	8	18	569
15	9	7	364
15	9	8	395
15	9	9	21
15	9	15	46
15	9	16	829
15	9	17	860
15	9	18	575
15	10	15	37
15	10	16	1015
15	10	17	831
15	10	18	547
15	11	6	280
15	11	7	640
15	11	8	640
15	11	9	640
15	11	10	160
15	11	16	863
15	11	17	802
15	11	18	499
15	12	6	448
15	12	7	1024
15	12	8	1024
15	12	9	1024
15	12	10	256
15	12	11	162
15	12	12	576
15	12	16	789
15	12	17	662
15	12	18	292
15	13	6	448
15	13	7	1024
15	13	8	1024
15	13	9	1024
15	13	10	256
15	13	11	243
15	13	12	864
15	13	16	479
15	13	17	181
15	14	6	434
15	14	7	992
15	14	8	992
15	14	9	992
15	14	10	248
15	16	6	556
15	16	7	989
15	16	8	992
15	16	9	992
15	16	10	348
15	17	6	576
15	17	7	1024
15	17	8	1024
15	17	9	1024
15	17	10	416
15	18	6	576
15	18	7	1024
15	18	8	1024
15	18	9	1024
15	18	10	416
15	18	19	96
15	18	20	768
15	18	21	696
15	19	6	541
15	19	7	1024
15	19	8	1024
15	19	9	1024
15	19	10	416
15	19	19	128
15	19	20	1024
15	19	21	928
15	20	6	388
15	20	7	1024
15	20	8	1024
15	20	9	1024
15	20	10	416
15	20	19	72
15	20	20	576
15	20	21	522
15	21	6	45
15	21	7	256
15	21	8	256
15	21	9	255
15	21	10	35
15	21	19	66
15	21	20	704
15	21	21	594
15	22	11	28
15	22	12	896
15	22	13	896
15	22	14	896
15	22	15	896
15	22	16	896
15	22	17	896
15	22	18	504
15	22	19	96
15	22	20	1024
15	22	21	864
15	23	11	32
15	23	12	1024
15	23	13	1024
15	23	14	1024
15	23	15	1024
15	23	16	1024
15	23	17	1024
15	23	18	576
15	23	19	96
15	23	20	1024
15	23	21	864
15	24	11	32
15	24	12	1024
15	24	13	1024
15	24	14	1024
15	24	15	1024
15	24	16	1024
15	24	17	1024
15	24	18	576
15	24	19	3
15	24	20	32
15	24	21	27
15	25	11	32
15	25	12	1024
15	25	13	1024
15	25	14	1024
15	25	15	1024
15	25	16	1024
15	25	17	1024
15	25	18	576
15	26	11	32
15	26	12	1024
15	26	13	1024
15	26	14	1024
15	26	15	1024
15	26	16	1024
15	26	17	1024
15	26	18	576
15	27	11	32
15	27	12	1024
15	27	13	1024
15	27	14	1024
15	27	15	1024
15	27	16	1024
15	27	17	1024
15	27	18	576
15	28	11	32
15	28	12	1024
15	28	13	1024
15	28	14	1024
15	28	15	1024
15	28	16	1024
15	28	17	1024
15	28	18	576
15	29	11	32
15	29	12	1024
15	29	13	1024
15	29	14	1024
15	29	15	1024
15	29	16	1024
15	29	17	1024
15	29	18	576
15	30	11	32
15	30	12	1024
15	30	13	1024
15	30	14	1024
15	30	15	1024
15	30	16	1024
15	30	17	1024
15	30	18	576
15	31	11	2
15	31	12	64
15	31	13	64
15	31	14	64
15	31	15	64
15	31	16	64
15	31	17	64
15	31	18	36
15	41	35	224
15	41	36	896
15	41	37	896
15	41	38	896
15	41	39	896
15	41	40	896
15	41	41	560
15	42	35	256
15	42	36	1024
15	42	37	1024
15	42	38	1024
15	42	39	1024
15	42	40	1024
15	42	41	967
15	42	42	16
15	43	35	256
15	43	36	1024
15	43	37	1024
15	43	38	1024
15	43	39	1024
15	43	40	1024
15	43	41	1024
15	43	42	64
15	44	35	256
15	44	36	1024
15	44	37	1024
15	44	38	1024
15	44	39	1024
15	44	40	1024
15	44	41	1024
15	44	42	64
15	45	35	256
15	45	36	1024
15	45	37	1024
15	45	38	1024
15	45	39	1024
15	45	40	1024
15	45	41	790
15	45	42	14
15	46	35	256
15	46	36	1024
15	46	37	1024
15	46	38	1024
15	46	39	1024
15	46	40	1024
15	46	41	640
15	47	35	256
15	47	36	1024
15	47	37	1024
15	47	38	1024
15	47	39	1024
15	47	40	1024
15	47	41	640
15	48	35	256
15	48	36	1024
15	48	37	1024
15	48	38	1024
15	48	39	1024
15	48	40	1024
15	48	41	640
15	49	35	256
15	49	36	1024
15	49	37	1024
15	49	38	1024
15	49	39	1024
15	49	40	1024
15	49	41	640
15	50	35	176
15	50	36	704
15	50	37	704
15	50	38	704
15	50	39	704
15	50	40	704
15	50	41	440
15	53	24	751
15	53	25	530
15	53	26	166
15	53	27	10
15	54	24	973
15	54	25	852
15	54	26	645
15	54	27	141
15	55	24	56
15	55	25	42
